H-ID,type_id,URI,digitization_of H-ID,IIIF,ARK
46308,126,https://dlib.gnm.de/item/Hs18423/1,[46306],,
46350,126,http://hdl.handle.net/1887.1/item:1606657,[46346],https://digitalcollections.universiteitleiden.nl/iiif_manifest/item%3A1606657/manifest,
46358,126,https://opac.kbr.be/LIBRARY/doc/SYRACUSE/15937847,[46354],,
46400,126,https://archieven.stadsarchief.breda.nl/detail.php?nav_id=0-1&id=2134430&index=0&volgnummer=1&thumb_page=0,[46398],,
47372,126,https://digitalcollections.universiteitleiden.nl/view/item/1595077,[47370],https://digitalcollections.universiteitleiden.nl/view/item/1595077#page/2/mode/1up,
47398,126,"https://belgica.kbr.be/BELGICA/search.aspx#/Detail/(query:(Id:'3_OFFSET_0',Index:4,NBResults:12,PageRange:3,SearchQuery:(CloudTerms:!(),FacetFilter:%7B%7D,ForceSearch:!t,InitialSearch:!f,Page:0,PageRange:3,QueryGuid:bbf45249-0ccc-4523-913b-f855bbebd962,QueryString:limborch,ResultSize:100,ScenarioCode:GALERIE,ScenarioDisplayMode:display-vignet,SearchGridFieldsShownOnResultsDTO:!(),SearchLabel:'',SearchTerms:limborch,SortField:!n,SortOrder:0,TemplateParams:(Scenario:'',Scope:BELGICA,Size:!n,Source:'',Support:'',UseCompact:!f),UseSpellChecking:!n)))",[47395],,
47410,126,"https://belgica.kbr.be/BELGICA/search.aspx#/Detail/(query:(Id:'2_OFFSET_0',Index:3,NBResults:12,PageRange:3,SearchQuery:(CloudTerms:!(),FacetFilter:%7B%7D,ForceSearch:!t,InitialSearch:!f,Page:0,PageRange:3,QueryGuid:'4f2ab816-099a-4546-841a-8c84991e3abb',QueryString:limborch,ResultSize:100,ScenarioCode:GALERIE,ScenarioDisplayMode:display-vignet,SearchGridFieldsShownOnResultsDTO:!(),SearchLabel:'',SearchTerms:limborch,SortField:!n,SortOrder:0,TemplateParams:(Scenario:'',Scope:BELGICA,Size:!n,Source:'',Support:'',UseCompact:!f),UseSpellChecking:!n)))",[47409],,
47424,126,"https://belgica.kbr.be/BELGICA/search.aspx#/Detail/(query:(Id:'1_OFFSET_0',Index:2,NBResults:12,PageRange:3,SearchQuery:(CloudTerms:!(),FacetFilter:%7B%7D,ForceSearch:!t,InitialSearch:!f,Page:0,PageRange:3,QueryGuid:aaffd88d-3c3b-4dd0-997d-d6a1021e814f,QueryString:limborch,ResultSize:100,ScenarioCode:GALERIE,ScenarioDisplayMode:display-vignet,SearchGridFieldsShownOnResultsDTO:!(),SearchLabel:'',SearchTerms:limborch,SortField:!n,SortOrder:0,TemplateParams:(Scenario:'',Scope:BELGICA,Size:!n,Source:'',Support:'',UseCompact:!f),UseSpellChecking:!n)))",[47423],,
47477,126,https://lib.ugent.be/en/catalog/rug01:000990042?i=0&q=alexanders+geesten,[47476],https://adore.ugent.be/IIIF/manifests/archive.ugent.be%3A80F9C456-064B-11EF-AEEF-B6114C897CD7,
47499,126,"https://opacplus.bsb-muenchen.de/discovery/fulldisplay?docid=alma991048291329707356&context=L&vid=49BVB_BSB:VU1&lang=de&search_scope=MyInst_and_CI&adaptor=Local%20Search%20Engine&tab=Everything&query=any,contains,alexanders%20geesten&facet=rtype,include,books&offset=0",[47498],"https://www.digitale-sammlungen.de/en/view/bsb00089993?page=,1",
47508,126,https://digitalcollections.universiteitleiden.nl/view/item/375576?solr_nav%5Bid%5D=7c00fd1833b620eff87d&solr_nav%5Bpage%5D=0&solr_nav%5Boffset%5D=0#page/1/mode/1up,[47504],https://digitalcollections.universiteitleiden.nl/iiif_manifest/item%3A375576/manifest,
47519,126,https://digital.onb.ac.at/RepViewer/viewer.faces?doc=DOD_64538&order=1&view=SINGLE,[47518],,
47531,126,https://lib.ugent.be/en/catalog/rug01:000839810,[47530],,
47564,126,https://digitalcollections.universiteitleiden.nl/view/item/3443228?solr_nav%5Bid%5D=36357ac68dda576705af&solr_nav%5Bpage%5D=0&solr_nav%5Boffset%5D=2#page/1/mode/1up,[47563],https://iiifviewer.universiteitleiden.nl/?manifest=https%3A//digitalcollections.universiteitleiden.nl/iiif_manifest/item%253A3443228/manifest,
47568,126,https://digitalcollections.universiteitleiden.nl/view/item/3443224?solr_nav%5Bid%5D=36357ac68dda576705af&solr_nav%5Bpage%5D=0&solr_nav%5Boffset%5D=1#page/1/mode/1up,[47567],https://iiifviewer.universiteitleiden.nl/?manifest=https%3A//digitalcollections.universiteitleiden.nl/iiif_manifest/item%253A3443224/manifest,
47574,126,https://dlib.gnm.de/item/Hs42584,[47573],,
47576,126,https://digitalcollections.universiteitleiden.nl/view/item/3443235?solr_nav%5Bid%5D=36357ac68dda576705af&solr_nav%5Bpage%5D=0&solr_nav%5Boffset%5D=0#page/1/mode/1up,[47575],https://iiifviewer.universiteitleiden.nl/?manifest=https%3A//digitalcollections.universiteitleiden.nl/iiif_manifest/item%253A3443235/manifest,
47623,126,https://gallica.bnf.fr/ark:/12148/btv1b10091575t/f2.item,[47622],,
47648,126,https://uurl.kbr.be/1737555,[47647],,
47654,126,https://objects.library.uu.nl/reader/index.php?obj=1874-334865&lan=nl,[47653],https://objects.library.uu.nl/reader/iiif_info.php?obj=1874-334865&lan=nl&pagenum=1,
47659,126,https://digitalcollections.universiteitleiden.nl/view/item/3445683,[47658],https://iiifviewer.universiteitleiden.nl/?manifest=https%3A//digitalcollections.universiteitleiden.nl/iiif_manifest/item%253A3445683/manifest,
47690,126,https://gallica.bnf.fr/ark:/12148/btv1b10077333z/f2.item,[47689],https://gallica.bnf.fr/view3if/ga/ark:/12148/btv1b10077333z,
47728,126,"https://opac.kbr.be/Library/search.aspx?SC=KBR_UNIFIED&QUERY=troyen&_lg=nl-BE#/Detail/(query:(Id:'position:%20SOLR/DEFA-000007_OFFSET_0',Index:13,NBResults:571,PageRange:3,SearchQuery:(FacetFilter:%7B%7D,ForceSearch:!f,InitialSearch:!f,Page:0,PageRange:3,QueryGuid:c3bef684-446d-4dcf-ab71-05dabe38ac83,QueryString:troyen,ResultSize:50,ScenarioCode:KBR_UNIFIED,ScenarioDisplayMode:display-standard,SearchGridFieldsShownOnResultsDTO:!(),SearchLabel:'',SearchTerms:troyen,SessionGuid:'9caf6bfd-7180-4c31-ad72-faa5f2b03333',SortField:!n,SortOrder:0,TemplateParams:(Scenario:'',Scope:Library,Size:!n,Source:'',Support:'',UseCompact:!f),UseSpellChecking:!n)))",[47724],,
47751,126,https://lib.ugent.be/viewer/archive.ugent.be%3A6D2C0F04-015A-11E2-A5C9-D1460D0ED9C1#?cv=&xywh=-2044%2C-208%2C6910%2C4143,[47750],,
47761,126,https://lib.ugent.be/viewer/archive.ugent.be%3A66FF501E-015A-11E2-A5C9-D1460D0ED9C1#?cv=&xywh=-2177%2C-247%2C8233%2C4936,[47760],,
47776,126,https://lib.ugent.be/viewer/archive.ugent.be%3AF9B1F716-43C4-11E2-BADE-1FF5D9426DF0#?cv=&xywh=-2401%2C-244%2C8112%2C4864,[47774],,
47784,126,https://galerij.kb.nl/kb.html#/nl/lancelot/page/3/zoom/3/lat/2.1088986592431382%E2%80%A6,[47782],,
47791,126,https://lib.ugent.be/viewer/archive.ugent.be%3A6A8CD2DA-064B-11EF-8486-F351ED30B672#?cv=&xywh=-763%2C-288%2C9599%2C5755,[47790],,
47905,126,https://digitalcollections.universiteitleiden.nl/view/item/3443205?solr_nav%5Bid%5D=bdb04fd15d2c3f569e59&solr_nav%5Bpage%5D=0&solr_nav%5Boffset%5D=2#page/1/mode/1up,[47904],https://iiifviewer.universiteitleiden.nl/?manifest=https%3A//digitalcollections.universiteitleiden.nl/iiif_manifest/item%253A3443205/manifest,
47911,126,"https://opac.kbr.be/Library/search.aspx?SC=KBR_UNIFIED&QUERY=beerte&_lg=nl-BE#/Detail/(query:(Id:'position:%20SOLR/DEFA-000001_OFFSET_0',Index:1,NBResults:185,PageRange:3,SearchQuery:(FacetFilter:%7B%7D,ForceSearch:!f,InitialSearch:!f,Page:0,PageRange:3,QueryGuid:'26e29623-1165-429a-a506-55b05b97d50e',QueryString:beerte,ResultSize:50,ScenarioCode:KBR_UNIFIED,ScenarioDisplayMode:display-standard,SearchGridFieldsShownOnResultsDTO:!(),SearchLabel:'',SearchTerms:beerte,SessionGuid:'4161f008-cab8-45a4-8b97-9526f994f545',SortField:!n,SortOrder:0,TemplateParams:(Scenario:'',Scope:Library,Size:!n,Source:'',Support:'',UseCompact:!f),UseSpellChecking:!n)))",[47910],,
47932,126,https://lib.ugent.be/viewer/archive.ugent.be%3A2F1EF0AC-6564-11EF-85B4-899C9D418CBA#?cv=&xywh=-1908%2C-293%2C9767%2C5856,[47931],,
48034,126,https://lib.ugent.be/viewer/archive.ugent.be%3A54E56D98-064B-11EF-9865-8A76E60A3B71#?cv=&xywh=-1%2C-412%2C4488%2C2513,[48033],,
48122,126,https://digitalcollections.universiteitleiden.nl/view/item/376813?solr_nav%5Bid%5D=56059c0999e3e8d53507&solr_nav%5Bpage%5D=0&solr_nav%5Boffset%5D=0#page/1/mode/1up,[48121],,
48133,126,https://gallica.bnf.fr/ark:/12148/btv1b100378950,[48132],,
48151,126,https://digitalcollections.universiteitleiden.nl/view/item/3443217?solr_nav%5Bid%5D=a945c8c98458011924db&solr_nav%5Bpage%5D=0&solr_nav%5Boffset%5D=0#page/1/mode/1up,[48150],,
48155,126,https://lib.ugent.be/viewer/archive.ugent.be%3A54FB76EC-064B-11EF-93DD-FAF97111E4B8#?cv=&xywh=-2162%2C-168%2C5596%2C3355,[48154],,
48208,126,https://digitalcollections.universiteitleiden.nl/view/item/3443210?solr_nav%5Bid%5D=9575bc21d0e28369f8b2&solr_nav%5Bpage%5D=0&solr_nav%5Boffset%5D=0#page/1/mode/1up,[48207],,
48250,126,"https://opac.kbr.be/Library/search.aspx?SC=KBR_UNIFIED&QUERY=II+572&_lg=nl-BE#/Detail/(query:(Id:'position:%20SOLR/DEFA-000001_OFFSET_0',Index:1,NBResults:52,PageRange:3,SearchQuery:(CloudTerms:!(),FacetFilter:%7B%7D,ForceSearch:!f,InitialSearch:!f,Page:0,PageRange:3,QueryGuid:'2a290e20-ef1d-4152-903d-78a66306accc',QueryString:perchevael,ResultSize:50,ScenarioCode:KBR_UNIFIED,ScenarioDisplayMode:display-standard,SearchGridFieldsShownOnResultsDTO:!(),SearchLabel:'',SearchTerms:perchevael,SessionGuid:'34df968b-af50-43ad-92bc-8cfcd79602e9',SortField:!n,SortOrder:0,TemplateParams:(Scenario:'',Scope:Library,Size:!n,Source:'',Support:'',UseCompact:!f),UseSpellChecking:!n)))",[48249],,
48264,126,"https://opac.kbr.be/Library/search.aspx?SC=KBR_UNIFIED&QUERY=II+572&_lg=nl-BE#/Detail/(query:(Id:'position:%20SOLR/DEFA-000001_OFFSET_0',Index:1,NBResults:12,PageRange:3,SearchQuery:(CloudTerms:!(),FacetFilter:'%7B%22_842%22:%22Handschrift%22%7D',ForceSearch:!f,InitialSearch:!f,Page:0,PageRange:3,QueryGuid:'7bfad78b-dac0-4fcc-b54c-aaa2030115c6',QueryString:'IV%20636,4',ResultSize:50,ScenarioCode:KBR_UNIFIED,ScenarioDisplayMode:display-standard,SearchGridFieldsShownOnResultsDTO:!(),SearchLabel:'',SearchTerms:'IV%20636%204',SessionGuid:de9bb8e1-6e7b-459d-bea3-bc9c8c0edf59,SortField:!n,SortOrder:0,TemplateParams:(Scenario:'',Scope:Library,Size:!n,Source:'',Support:'',UseCompact:!f),UseSpellChecking:!n)))",[48261],,
48272,126,"https://opac.kbr.be/Library/search.aspx?SC=KBR_UNIFIED&QUERY=II+572&_lg=nl-BE#/Detail/(query:(Id:'position:%20SOLR/DEFA-000001_OFFSET_0',Index:1,NBResults:1,PageRange:3,SearchQuery:(CloudTerms:!(),FacetFilter:'%7B%22_842%22:%22Handschrift%22%7D',ForceSearch:!f,InitialSearch:!f,Page:0,PageRange:3,QueryGuid:'2d277002-dc6f-4e17-a934-b0c18d6f9a0d',QueryString:'IV%20818',ResultSize:50,ScenarioCode:KBR_UNIFIED,ScenarioDisplayMode:display-standard,SearchGridFieldsShownOnResultsDTO:!(),SearchLabel:'',SearchTerms:'IV%20818',SessionGuid:'816c9f83-dd8e-4728-a982-4451febaca8d',SortField:!n,SortOrder:0,TemplateParams:(Scenario:'',Scope:Library,Size:!n,Source:'',Support:'',UseCompact:!f),UseSpellChecking:!n)))",[48271],,
48311,126,https://digitalcollections.universiteitleiden.nl/view/item/760243?solr_nav%5Bid%5D=7635af6b8e7a241ece2a&solr_nav%5Bpage%5D=0&solr_nav%5Boffset%5D=0#page/1/mode/1up,[48310],,
48323,126,https://lib.ugent.be/viewer/archive.ugent.be%3A554AE9DE-064B-11EF-B76D-ADDAEE584B08#?cv=&xywh=-5410%2C-366%2C12195%2C7312,[48322],,
48349,126,https://lib.ugent.be/viewer/archive.ugent.be%3A74BD89FC-064B-11EF-A567-A70BD9B6BF18#?cv=&xywh=-212%2C-247%2C4224%2C2418,[48348],,
48355,126,https://digitalcollections.universiteitleiden.nl/view/item/1679726?solr_nav%5Bid%5D=c91c94bac377d3550987&solr_nav%5Bpage%5D=0&solr_nav%5Boffset%5D=0#page/1/mode/1up,[48354],,
