H-ID,type_id,current_shelfmark,location H-ID,collection,invented_label,is_hypothetical,is_hypothetical TRM-ID,claim_freetext,collection_of_fragments,collection_of_fragments TRM-ID,old_shelfmark,digitization H-ID,digitization_freetext,date_of_creation,date_of_creation_TEMPORAL,date_freetext,date_of_creation_source,place_of_creation H-ID,place_of_creation_freetext,place_of_creation_source,described_by_source H-ID,described_at_URL,online_catalogue_URL,ARK,reference_notes,review_status,review_status TRM-ID,review_note,repository H-ID,repository name,repository label,repository city
48333,106,z.s.,47363.0,,,Yes,,,No,,,,,,,,,,,,[47483],,,,,Action required,,,47363,Biblioteca Batthyáneum,Bibl. Batthyáneum,Alba Iulia
48110,106,I A 24k,43887.0,,,No,,,No,,,,,,,,,,,,[47483],,,,,Action required,,Digitization/url,43887,Universiteitsbibliotheek Amsterdam,Universiteitsbibliotheek,Amsterdam
48156,106,M 15.10,47525.0,,,No,,,No,,,,,,,,,,,,[47483],,,,,Action required,,Catalogue/url/digitization,47525,Museum Plantin-Moretus,Museum Plantin-Moretus,Antwerp
47962,106,z.s.,43834.0,,,Yes,,Fragment was lost.,No,,,,,,,,,,,,[47483],,,,,Action required,,Check.,43834,Bibliothèque d'Arras,Bibliothèque d'Arras,Arras
48199,106,"Germ.fol. 757,22",43889.0,,,No,,,No,,,,,,,,,,,,[47483],[https://www.handschriftencensus.de/8729],,,,Action required,,Digitization,43889,Staatsbibliothek zu Berlin Preußischer Kulturbesitz,Staatsbibliothek zu Berlin Kulturbesitz,Berlin
46398,106,708.IBB,46399.0,Archief van het begijnhof,,No,,,No,,,[46400],,,,,,,,,,,,,,Action required,,Add reference to Kienhorst,46399,Stadsarchief,Stadsarchief,Breda
47636,106,IV 927,43904.0,,,No,,,No,,,,,,,,,,,,[47483],,"https://opac.kbr.be/Library/search.aspx?SC=KBR_UNIFIED&QUERY=historie+van+troyen&QUERY_LABEL=#/Detail/(query:(Id:'position:%20SOLR/DEFA-000007_OFFSET_0',Index:2,NBResults:58,PageRange:3,SearchQuery:(FacetFilter:%7B%7D,ForceSearch:!f,InitialSearch:!f,Page:0,PageRange:3,QueryGuid:'7bb6721e-9e96-4524-a08c-b6d843b34823',QueryString:'historie%20van%20troyen',ResultSize:50,ScenarioCode:KBR_UNIFIED,ScenarioDisplayMode:display-standard,SearchGridFieldsShownOnResultsDTO:!(),SearchLabel:'',SearchTerms:'historie%20van%20troyen',SessionGuid:'0801726f-cc72-4b4f-ad11-46d549f6de27',SortField:!n,SortOrder:0,TemplateParams:(Scenario:'',Scope:Library,Size:!n,Source:'',Support:'',UseCompact:!f),UseSpellChecking:!n)))",,,Action required,,Digitization.,43904,Bibliothèque royale de Belgique,Bibliothèque royale de Belgique,Brussels
47925,106,K 3: F 86,43807.0,,,No,,,No,,,,,,,,,,,,[47483],,,,,Action required,,Find url/digitization,43807,Universitäts- und Landesbibliothek Düsseldorf,Universitäts- und Landesbibliothek,Düsseldorf
47279,106,896a,43787.0,,,No,,,Yes,,,,,,,,,,,,,,,,,Action required,,Add sources/references.,43787,Rijksuniversiteit te Gent. Bibliotheek,Rijksuniversiteit te Gent Bibliotheek,Ghent
48128,106,98,43869.0,,,No,,,No,,,,,,,,,,,,[47483],[https://www.handschriftencensus.de/9024],,,,Action required,,Digitization,43869,Universitätsbibliothek Gießen,Universitätsbibliothek Gießen,Giessen
47535,106,"4o Cod. ms.theol. 98, f.6",43884.0,,,No,,,Yes,,,,,,,,,,,,[47485],[https://www.handschriftencensus.de/20270],,,,Action required,,Add digitization.,43884,Niedersächsische Staats-und Universitätsbibliothek Göttingen,Staats-und Universitätsbibliothek,Göttingen
48317,106,z.s.,43846.0,,,No,,,No,,,,,,,,,,,,[47483],,,,,Action required,,Digitization,43846,Uniwersytet Jagielloński,Uniwersytet Jagielloński,Krakow
47990,106,Vulc. 54 A,43873.0,,,No,,,No,,,,,,,,,,,,[47483],,,,,Action required,,No urls?,43873,Universitaire Bibliotheken Leiden,Universitaire Bibliotheken Leiden,Leiden
48192,106,z.s.,43962.0,,,No,,,No,,,,,,,,,,,,[47483],[https://www.handschriftencensus.de/9435],,,,Action required,,Digitization?,43962,Katholieke Universiteit te Leuven . Universiteitsbibliotheek,KU Bibliotheken,Leuven
47432,106,z.s.,43875.0,,,Yes,,"A copy exists, but the fragment itself has been lost in the 19th century.",No,,,,,,,,,,,,,,,,,Action required,,"Ref, no catalogue found.",43875,Médiathèque municipale Jean-Lévy Lille,Médiathèque municipale Jean-Lévy Lille,Lille
47335,106,"Egert. 2323, f.3-4",43919.0,,,No,,,No,,,,,,,,,,,,,,https://www.handschriftencensus.de/14149,,,Action required,,Check.,43919,British library,British library,London
48223,106,167 III 9,43855.0,,,No,,,No,,,,,,,,,,,,[47483],[https://www.handschriftencensus.de/23980],,,,Action required,,Digitization,43855,Regionaal Historisch Centrum Limburg,Regionaal Historisch Centrum Limburg,Maastricht
48376,106,E 1057,43841.0,,,No,,,No,,,,,,,,,,,,[47485],[https://www.handschriftencensus.de/20069],,,,Action required,,url/digitization,43841,Nicolaus-Matz-Bibliothek Michelstadt,Nicolaus-Matz-Bibliothek,Michelstadt
47498,106,Cod. germ. 41,47347.0,,,No,,,No,,,,,,,,,,,,[47483],[https://www.handschriftencensus.de/9746],"https://opacplus.bsb-muenchen.de/discovery/fulldisplay?docid=alma991048291329707356&context=L&vid=49BVB_BSB:VU1&lang=de&search_scope=MyInst_and_CI&adaptor=Local%20Search%20Engine&tab=Everything&query=any,contains,alexanders%20geesten&facet=rtype,include,books&offset=0",,,Action required,,Check.,47347,Bayerische Staatsbibliothek,Bayerische Staatsbibliothek,Munich
47737,106,MS 712.36,43775.0,,,No,,,No,,,,,,,,,,,,,,,,,Action required,,Find sources.,43775,Yale university. Library,Yale university. Library,New Haven
47573,106,42.584,46307.0,,,No,,,No,,,,,,,,,,,,[47483],[https://www.handschriftencensus.de/4051],https://dlib.gnm.de/item/Hs42584,,,Action required,,Check.,46307,Bibliothek des Germanischen Nationalmuseums,Bibliothek des Germanischen Nationalmuseums,Nürnberg
47796,106,"Ms. Dutch b. 2, fol. 6",43847.0,,,No,,,Yes,,,,,,,,,,,,[47485],[https://www.dbnl.org/tekst/_tij003199801_01/_tij003199801_01_0009.php],,,,Action required,,Digitization,43847,Bodleian Library,Bodleian Library,Oxford
47689,106,néerl. 126,43932.0,,,No,,,No,,,,,,,,,,,,,,https://archivesetmanuscrits.bnf.fr/ark:/12148/cc1000032?collect,,,Action required,,URL,43932,Bibliothèque nationale de France,Bibliothèque nationale de France,Paris
47937,106,Teplá MS. Fragm. 44,47364.0,,,No,,,No,,,,,,,,,,,,[47485],[https://www.handschriftencensus.de/7569],,,,Action required,,Digitization,47364,National Library of the Czech Republic,National Library,Prague
47457,106,3,47526.0,,,Yes,,Lost.,Yes,,,,,,,,,,,,,,,,,Action required,,Add repository! (Riga).,47526,Latvijas nacionālā bibliotēka,Latvijas nacionālā bibliotēka,Riga
47585,106,96 C 4,47361.0,,,No,,,No,,[14 D 26],,,,,,,,,,[47483],,,,,Action required,,Digitization + links,47361,Gemeentebibliotheek Rotterdam,Gemeentebibliotheek,Rotterdam
47986,106,2937,43839.0,,,No,,,No,,,,,,,,,,,,[47483],,,,,Action required,,Add catalogue/digitization,43839,Bibliothéque Nationale et Universitaire de Strasbourg,BNU,Strasbourg
47942,106,XXIV,43733.0,,,No,,,No,,,,,,,,,,,,[47483],[https://www.arlima.net/ad/cassamus_roman_van.html],https://webggc.oclc.org/cbs/DB=2.37/SET=3/TTL=1/SHW?FRST=4,,,Action required,,Digitization,43733,Koninklijke Bibliotheek,Koninklijke Bibliotheek,The Hague
48014,106,Nr. 13,43817.0,"Mappe X, mhd. Fragmente",,No,,,Yes,,,,,,,,,,,,[47483],[https://www.handschriftencensus.de/1608],,,,Action required,,Catalogue/digitization,43817,Stadtbibliothek Trier,Stadtbibliothek Trier,Trier
48137,106,ME IV 5,43836.0,,,No,,,No,,,,,,,,,,,,[47483],[https://www.handschriftencensus.de/9024],,,,Action required,,,43836,Wilhelmsstift. Bibliothek,Wilhelmsstift. Bibliothek,Tübingen
47653,106,1330,47365.0,,,No,,,No,,,,,,,,,,,,[47483],[https://www.handschriftencensus.de/20378],https://objects.library.uu.nl/reader/index.php?obj=1874-334865&lan=nl,,,Action required,,ark,47365,Rijksuniversiteit Utrecht Bibliotheek,Rijksuniversiteit Bibliotheek,Utrecht
47518,106,Ser. nova 3968,43792.0,,,No,,,No,,,,,,,,,,,,,[https://www.handschriftencensus.de/1366],https://digital.onb.ac.at/RepViewer/viewer.faces?doc=DOD_64538&order=1&view=SINGLE,,,Action required,,Check.,43792,Österreichische Nationalbibliothek,Österreichische Nationalbibliothek,Vienna
47436,106,I A 24 l,43887.0,,,No,,,No,,,,,,,,,,,,,,,,,Action required,,No catalogue found.,43887,Universiteitsbibliotheek Amsterdam,Universiteitsbibliotheek,Amsterdam
48360,106,MAG-P 64.19,43935.0,,,No,,,No,,,,,,,,,,,,[47485],,,,,Action required,,url/digitization,43935,"Universiteit Antwerpen, Bibliotheek",Universiteit Antwerpen Bibliotheek,Antwerp
46345,106,227/383,43834.0,,,No,,,No,,,,,,,,,,,,,,,,,Action required,,check references,43834,Bibliothèque d'Arras,Bibliothèque d'Arras,Arras
48135,106,Germ. fol.1385,43889.0,,,No,,,No,,,,,,,,,,,,[47483],[https://www.handschriftencensus.de/9024],,,,Action required,,,43889,Staatsbibliothek zu Berlin Preußischer Kulturbesitz,Staatsbibliothek zu Berlin Kulturbesitz,Berlin
47395,106,"IV 853,1",43904.0,,,No,,,No,,,,,,,,,,,,,,"https://belgica.kbr.be/BELGICA/search.aspx#/Detail/(query:(Id:'3_OFFSET_0',Index:4,NBResults:12,PageRange:3,SearchQuery:(CloudTerms:!(),FacetFilter:%7B%7D,ForceSearch:!t,InitialSearch:!f,Page:0,PageRange:3,QueryGuid:bbf45249-0ccc-4523-913b-f855bbebd962,QueryString:limborch,ResultSize:100,ScenarioCode:GALERIE,ScenarioDisplayMode:display-vignet,SearchGridFieldsShownOnResultsDTO:!(),SearchLabel:'',SearchTerms:limborch,SortField:!n,SortOrder:0,TemplateParams:(Scenario:'',Scope:BELGICA,Size:!n,Source:'',Support:'',UseCompact:!f),UseSpellChecking:!n)))",,,Action required,,add digitization,43904,Bibliothèque royale de Belgique,Bibliothèque royale de Belgique,Brussels
48002,106,K 2: F 48,43807.0,,,No,,,No,,,,,,,,,,,,[47483],,,,,Action required,,Check/no urls?,43807,Universitäts- und Landesbibliothek Düsseldorf,Universitäts- und Landesbibliothek,Düsseldorf
47691,106,691,43787.0,,,No,,,No,,,,,,,,,,,,[47483],[https://www.handschriftencensus.de/23545],https://lib.ugent.be/en/catalog/rug01:000990629?i=2&q=troyen,,,Action required,,Add digitization ru-mail,43787,Rijksuniversiteit te Gent. Bibliotheek,Rijksuniversiteit te Gent Bibliotheek,Ghent
48191,106,z.s.,43846.0,,,No,,,No,,"[Germ. qu. 1895,4]",,,,,,,,,,[47483],[https://www.handschriftencensus.de/9435],,,,Action required,,digitization?,43846,Uniwersytet Jagielloński,Uniwersytet Jagielloński,Krakow
48073,106,Ltk. 2159,43873.0,,,No,,,No,,,,,,,,,,,,[47483],,,,,Action required,,url/digitization,43873,Universitaire Bibliotheken Leiden,Universitaire Bibliotheken Leiden,Leiden
47995,106,21,43962.0,"Kortrijk, Fonds van Sint-Maarten",,No,,,No,,,,,,,,,,,,[47483],,,,,Action required,,Find url?,43962,Katholieke Universiteit te Leuven . Universiteitsbibliotheek,KU Bibliotheken,Leuven
48187,106,"Egert. 2323, f.1,2",43919.0,,,No,,,No,,,,,,,,,,,,[47483],,,,,Action required,,Digitization/url,43919,British library,British library,London
48171,106,167 III 10,43855.0,,,No,,,No,,,,,,,,,,,,[47483],[https://www.handschriftencensus.de/23916],,,,Action required,,Digitization,43855,Regionaal Historisch Centrum Limburg,Regionaal Historisch Centrum Limburg,Maastricht
48129,106,Cod. germ. 198,47347.0,,,No,,,No,,,,,,,,,,,,[47483],[https://www.handschriftencensus.de/9024],,,,Action required,,,47347,Bayerische Staatsbibliothek,Bayerische Staatsbibliothek,Munich
48130,106,22.219,46307.0,,,No,,,No,,,,,,,,,,,,[47483],[https://www.handschriftencensus.de/9024],,,,Action required,,,46307,Bibliothek des Germanischen Nationalmuseums,Bibliothek des Germanischen Nationalmuseums,Nürnberg
47622,106,néerl. 119,43932.0,,,No,,,No,,,,,,,,,,,,[47483],[https://www.handschriftencensus.de/15896],https://archivesetmanuscrits.bnf.fr/ark:/12148/cc99989p?collect,,,Action required,,ARK?,43932,Bibliothèque nationale de France,Bibliothèque nationale de France,Paris
47440,106,96 B 6:1,47361.0,,,No,,,No,,,,,,,,,,,,,,,,,Action required,,Ref + catalogue,47361,Gemeentebibliotheek Rotterdam,Gemeentebibliotheek,Rotterdam
47680,106,131 D 4,43733.0,Fragmenten Holtrop,,No,,,No,,,,,,,,,,,,[47483],,,,,Action required,,Add info/digitization,43733,Koninklijke Bibliotheek,Koninklijke Bibliotheek,The Hague
48198,106,"Mappe IV, Deutsche Fragm., 3",43817.0,,,No,,,No,,,,,,,,,,,,[47483],,https://www.handschriftencensus.de/8729,,,Action required,,Digitization,43817,Stadtbibliothek Trier,Stadtbibliothek Trier,Trier
48032,106,15.393,43792.0,,,No,,,No,,,,,,,,,,,,[47483],,,,,Action required,,Links/digitization,43792,Österreichische Nationalbibliothek,Österreichische Nationalbibliothek,Vienna
47352,106,I A 24 j,43887.0,,,No,,,No,,,,,,,,,,,,,,,,,Action required,,Check.,43887,Universiteitsbibliotheek Amsterdam,Universiteitsbibliotheek,Amsterdam
47899,106,2,47351.0,Sint-Catharinakapittel en Sint-Catherinakerk te Hoogstraten,,No,,,No,,,,,,,,,,,,[47485],,,,,Action required,,Find url/digitization,47351,Rijksarchief te Antwerpen,Rijksarchief te Antwerpen,Antwerp
48283,106,Germ. fol. 922,43889.0,,,No,,,No,,,,,,,,,,,,[47483],[https://www.handschriftencensus.de/4269],,,,Action required,,Digitization,43889,Staatsbibliothek zu Berlin Preußischer Kulturbesitz,Staatsbibliothek zu Berlin Kulturbesitz,Berlin
48271,106,IV 818,43904.0,,,No,,,No,,,,,,,,,,,,[47483],,"https://opac.kbr.be/Library/search.aspx?SC=KBR_UNIFIED&QUERY=II+572&_lg=nl-BE#/Detail/(query:(Id:'position:%20SOLR/DEFA-000001_OFFSET_0',Index:1,NBResults:1,PageRange:3,SearchQuery:(CloudTerms:!(),FacetFilter:'%7B%22_842%22:%22Handschrift%22%7D',ForceSearch:!f,InitialSearch:!f,Page:0,PageRange:3,QueryGuid:'2d277002-dc6f-4e17-a934-b0c18d6f9a0d',QueryString:'IV%20818',ResultSize:50,ScenarioCode:KBR_UNIFIED,ScenarioDisplayMode:display-standard,SearchGridFieldsShownOnResultsDTO:!(),SearchLabel:'',SearchTerms:'IV%20818',SessionGuid:'816c9f83-dd8e-4728-a982-4451febaca8d',SortField:!n,SortOrder:0,TemplateParams:(Scenario:'',Scope:Library,Size:!n,Source:'',Support:'',UseCompact:!f),UseSpellChecking:!n)))",,,Action required,,,43904,Bibliothèque royale de Belgique,Bibliothèque royale de Belgique,Brussels
47586,106,K 2: F 45,43807.0,,,No,,,No,,,,,,,,,,,,,[https://www.handschriftencensus.de/15893],,,,Action required,,Digitization/catalogue,43807,Universitäts- und Landesbibliothek Düsseldorf,Universitäts- und Landesbibliothek,Düsseldorf
47750,106,"2749,9",43787.0,,,No,,,No,,,,,,,,,,,,[47483],[https://www.handschriftencensus.de/20063],https://lib.ugent.be/nl/catalog/rug01:000993611?i=0&q=valentijn+en+nameloos,,,Action required,,Check.,43787,Rijksuniversiteit te Gent. Bibliotheek,Rijksuniversiteit te Gent Bibliotheek,Ghent
47904,106,Ltk. 211,43873.0,,,No,,,No,,,,,,,,,,,,[47483],[https://www.handschriftencensus.de/20269],https://digitalcollections.universiteitleiden.nl/view/item/3443205?solr_nav%5Bid%5D=bdb04fd15d2c3f569e59&solr_nav%5Bpage%5D=0&solr_nav%5Boffset%5D=2#page/1/mode/1up,,,Action required,,Check.,43873,Universitaire Bibliotheken Leiden,Universitaire Bibliotheken Leiden,Leiden
47453,106,N.A.,43962.0,De Pauw,,Yes,,Lost in 1914.,Yes,,,,,,,,,,,,,,,,,Action required,,"Check, ref.",43962,Katholieke Universiteit te Leuven . Universiteitsbibliotheek,KU Bibliotheken,Leuven
47618,106,"Add. 35.251,k",43919.0,,,No,,,No,,,,,,,,,,,,[47483],[https://www.handschriftencensus.de/14373],,,,Action required,,Find digitization/page british library.,43919,British library,British library,London
47540,106,2o Cod. ms. 756,47356.0,,,No,,,No,,,,,,,,,,,,[47483],[https://www.arlima.net/ad/baudouin_de_sebourc_en_neerlandais.html],,,,Action required,,Add digitization.,47356,Universitätsbibliothek München,Universitätsbibliothek,Munich
46306,106,18.423,46307.0,,,No,,,No,,,[46308],,,,,,,,,[47038],,,,,Action required,,Add more references.,46307,Bibliothek des Germanischen Nationalmuseums,Bibliothek des Germanischen Nationalmuseums,Nürnberg
48132,106,"all. 118, f.3",43932.0,,,No,,,No,,,,,,,,,,,,[47483],[https://www.handschriftencensus.de/9024],https://archivesetmanuscrits.bnf.fr/ark:/12148/cc256130?collect,,,Action required,,,43932,Bibliothèque nationale de France,Bibliothèque nationale de France,Paris
47669,106,96 B 6: 3,47361.0,,,No,,,No,,,,,,,,,,,,[47483],,,,,Action required,,Find info/digitization,47361,Gemeentebibliotheek Rotterdam,Gemeentebibliotheek,Rotterdam
48093,106,75 H 58,43733.0,,,No,,,No,,[O 222],,,,,,,,,,[47483],,,,,Action required,,Digitization,43733,Koninklijke Bibliotheek,Koninklijke Bibliotheek,The Hague
47544,106,E q 73a,43887.0,,,No,,,Yes,,,,,,,,,,,,[47483],,"https://lib.uva.nl/discovery/fulldisplay?docid=alma990022584600205131&context=L&vid=31UKB_UAM1_INST:UVA&lang=en&search_scope=DN_and_CI_and_PURE&adaptor=Local%20Search%20Engine&tab=Everything&query=any,contains,boudewijn%20van%20seborch&offset=0",,,Action required,,Add digitization.,43887,Universiteitsbibliotheek Amsterdam,Universiteitsbibliotheek,Amsterdam
47581,106,500.694,43806.0,,,No,,,No,,,,,,,,,,,,[47483],[https://www.handschriftencensus.de/15892],https://anet.be/desktop/ehc,,,Action required,,ARK?,43806,Erfgoedbibliotheek Hendrik Conscience,Erfgoedbibliotheek Hendrik Conscience,Antwerp
47746,106,"Germ. fol. 751,3",43889.0,,,No,,,No,,,,,,,,,,,,[47483],[https://www.handschriftencensus.de/8337],,,,Action required,,Digitization.,43889,Staatsbibliothek zu Berlin Preußischer Kulturbesitz,Staatsbibliothek zu Berlin Kulturbesitz,Berlin
46354,106,IV 816,43904.0,,,No,,,No,,,[46358],,,,,,,,,,,,,,Open,,Add reference,43904,Bibliothèque royale de Belgique,Bibliothèque royale de Belgique,Brussels
48309,106,"F 26,b",43807.0,,,No,,,No,,,,,,,,,,,,[47483],,,,,Action required,,Digitization,43807,Universitäts- und Landesbibliothek Düsseldorf,Universitäts- und Landesbibliothek,Düsseldorf
47476,106,"2749,6",43787.0,,,No,,,No,,,,,,,,,,,,,[https://www.handschriftencensus.de/20265],https://lib.ugent.be/en/catalog/rug01:000990042?i=0&q=alexanders+geesten,,,Action required,,Add ref.,43787,Rijksuniversiteit te Gent. Bibliotheek,Rijksuniversiteit te Gent Bibliotheek,Ghent
48207,106,Ltk. 210,43873.0,,,No,,,No,,,,,,,,,,,,[47483],[https://www.handschriftencensus.de/24630],https://digitalcollections.universiteitleiden.nl/view/item/3443210?solr_nav%5Bid%5D=9575bc21d0e28369f8b2&solr_nav%5Bpage%5D=0&solr_nav%5Boffset%5D=0#page/1/mode/1up,,,Action required,,,43873,Universitaire Bibliotheken Leiden,Universitaire Bibliotheken Leiden,Leiden
47692,106,z.s.,43962.0,Collectie J. M. de Smet,,No,,,No,,[a],,,,,,,,,,[47483],,,,,Action required,,add url's,43962,Katholieke Universiteit te Leuven . Universiteitsbibliotheek,KU Bibliotheken,Leuven
47509,106,173,47348.0,,,No,,,No,,,,,,,,,,,,[47483],[https://www.handschriftencensus.de/20267],,,,Action required,,Add digitization/catalogue.,47348,"Donaueschingen, Fürstlich-Fürstenbergische Hofbibliothek","Donaueschingen, Fürst. Fürstenb. Hofbibl.",Munich
47387,106,"all. 118, f.22",43932.0,,,No,,,Yes,,,,,,,,,,,,,,https://archivesetmanuscrits.bnf.fr/ark:/12148/cc256130?collect,,,Action required,,Ref,43932,Bibliothèque nationale de France,Bibliothèque nationale de France,Paris
48365,106,96 A 7,47361.0,,,No,,,No,,,,,,,,,,,,[47483],,,,,Action required,,Digitization/url,47361,Gemeentebibliotheek Rotterdam,Gemeentebibliotheek,Rotterdam
46338,106,74 C 8,43733.0,,,No,,,No,,,,,,,,,,,,,,,,,Action required,,Check.,43733,Koninklijke Bibliotheek,Koninklijke Bibliotheek,The Hague
48343,106,z.s. (2),47358.0,,,No,,,No,,,,,,,,,,,,[47483],,,,,Action required,,,47358,Ruusbroecgenootschap Universiteit Antwerpen - Bibliotheek,Bibl. Ruusbroecgenootschap,Antwerp
48026,106,"Germ. fol. 751,2",43889.0,,,No,,,No,,,,,,,,,,,,[47483],[https://www.handschriftencensus.de/9437],https://handschriftenportal.de/search?hspobjectid=HSP-eaec5d9a-ca7a-380e-9fb0-7476b9c0fbd8&q=Germ.+fol.+751&hl=true,,,Action required,,ark,43889,Staatsbibliothek zu Berlin Preußischer Kulturbesitz,Staatsbibliothek zu Berlin Kulturbesitz,Berlin
48261,106,"IV 636,4",43904.0,,,No,,,No,,,,,,,,,,,,[47483],,"https://opac.kbr.be/Library/search.aspx?SC=KBR_UNIFIED&QUERY=II+572&_lg=nl-BE#/Detail/(query:(Id:'position:%20SOLR/DEFA-000001_OFFSET_0',Index:1,NBResults:12,PageRange:3,SearchQuery:(CloudTerms:!(),FacetFilter:'%7B%22_842%22:%22Handschrift%22%7D',ForceSearch:!f,InitialSearch:!f,Page:0,PageRange:3,QueryGuid:'7bfad78b-dac0-4fcc-b54c-aaa2030115c6',QueryString:'IV%20636,4',ResultSize:50,ScenarioCode:KBR_UNIFIED,ScenarioDisplayMode:display-standard,SearchGridFieldsShownOnResultsDTO:!(),SearchLabel:'',SearchTerms:'IV%20636%204',SessionGuid:de9bb8e1-6e7b-459d-bea3-bc9c8c0edf59,SortField:!n,SortOrder:0,TemplateParams:(Scenario:'',Scope:Library,Size:!n,Source:'',Support:'',UseCompact:!f),UseSpellChecking:!n)))",,,Action required,,,43904,Bibliothèque royale de Belgique,Bibliothèque royale de Belgique,Brussels
48305,106,"F 26,a",43807.0,,,No,,,No,,,,,,,,,,,,[47483],,,,,Action required,,Digitization,43807,Universitäts- und Landesbibliothek Düsseldorf,Universitäts- und Landesbibliothek,Düsseldorf
47661,106,"2749,5",43787.0,,,No,,,No,,,,,,,,,,,,,,https://lib.ugent.be/nl/catalog/rug01:000765754?i=4&q=troyen,,,Action required,,digitization in ru-mail,43787,Rijksuniversiteit te Gent. Bibliotheek,Rijksuniversiteit te Gent Bibliotheek,Ghent
48150,106,Ltk. 209,43873.0,,,No,,,No,,,,,,,,,,,,[47483],[https://www.handschriftencensus.de/24264],https://digitalcollections.universiteitleiden.nl/view/item/3443217?solr_nav%5Bid%5D=a945c8c98458011924db&solr_nav%5Bpage%5D=0&solr_nav%5Boffset%5D=0#page/1/mode/1up,,,Action required,,2 Ltk 209?,43873,Universitaire Bibliotheken Leiden,Universitaire Bibliotheken Leiden,Leiden
47448,106,133 L 11,43733.0,,,No,,,No,,,,,,,,,,,,,[133 L 11],,,,Action required,,Ref/catalogue,43733,Koninklijke Bibliotheek,Koninklijke Bibliotheek,The Hague
48338,106,z.s. (1),47358.0,,,No,,,No,,,,,,,,,,,,[47483],,,,,Action required,,,47358,Ruusbroecgenootschap Universiteit Antwerpen - Bibliotheek,Bibl. Ruusbroecgenootschap,Antwerp
47660,106,Fragm. 18,43889.0,,,No,,,No,,,,,,,,,,,,[47483],,,,,Action required,,Find online presence.,43889,Staatsbibliothek zu Berlin Preußischer Kulturbesitz,Staatsbibliothek zu Berlin Kulturbesitz,Berlin
47910,106,"IV 398, 7",43904.0,,,No,,,No,,,,,,,,,,,,[47483],,"https://opac.kbr.be/Library/search.aspx?SC=KBR_UNIFIED&QUERY=beerte&_lg=nl-BE#/Detail/(query:(Id:'position:%20SOLR/DEFA-000001_OFFSET_0',Index:1,NBResults:185,PageRange:3,SearchQuery:(FacetFilter:%7B%7D,ForceSearch:!f,InitialSearch:!f,Page:0,PageRange:3,QueryGuid:'26e29623-1165-429a-a506-55b05b97d50e',QueryString:beerte,ResultSize:50,ScenarioCode:KBR_UNIFIED,ScenarioDisplayMode:display-standard,SearchGridFieldsShownOnResultsDTO:!(),SearchLabel:'',SearchTerms:beerte,SessionGuid:'4161f008-cab8-45a4-8b97-9526f994f545',SortField:!n,SortOrder:0,TemplateParams:(Scenario:'',Scope:Library,Size:!n,Source:'',Support:'',UseCompact:!f),UseSpellChecking:!n)))",,,Action required,,"Check, add url",43904,Bibliothèque royale de Belgique,Bibliothèque royale de Belgique,Brussels
48245,106,F 23,43807.0,,,No,,,No,,,,,,,,,,,,[47483],,,,,Action required,,Digitization/url,43807,Universitäts- und Landesbibliothek Düsseldorf,Universitäts- und Landesbibliothek,Düsseldorf
47790,106,"2749,10",43787.0,,,No,,,No,,,,,,,,,,,,[47483],,https://lib.ugent.be/catalog/rug01:000990047,,,Action required,,Check,43787,Rijksuniversiteit te Gent. Bibliotheek,Rijksuniversiteit te Gent Bibliotheek,Ghent
46375,106,Ltk. 209,43873.0,,,No,,,No,,,,,,,,,,,,,,,,,Open,,,43873,Universitaire Bibliotheken Leiden,Universitaire Bibliotheken Leiden,Leiden
48115,106,133 D 1,43733.0,,,No,,,No,,,,,,,,,,,,[47483],[https://www.handschriftencensus.de/20264],,,,Action required,,Digitization/url,43733,Koninklijke Bibliotheek,Koninklijke Bibliotheek,The Hague
47444,106,"fol. 751,1",43889.0,,,No,,,No,,,,,,,,,,,,,[https://www.handschriftencensus.de/9436],,,,Action required,,Check.,43889,Staatsbibliothek zu Berlin Preußischer Kulturbesitz,Staatsbibliothek zu Berlin Kulturbesitz,Berlin
47423,106,"IV 209,6",43904.0,,,No,,,No,,,,,,,,,,,,,,"https://belgica.kbr.be/BELGICA/search.aspx#/Detail/(query:(Id:'1_OFFSET_0',Index:2,NBResults:12,PageRange:3,SearchQuery:(CloudTerms:!(),FacetFilter:%7B%7D,ForceSearch:!t,InitialSearch:!f,Page:0,PageRange:3,QueryGuid:aaffd88d-3c3b-4dd0-997d-d6a1021e814f,QueryString:limborch,ResultSize:100,ScenarioCode:GALERIE,ScenarioDisplayMode:display-vignet,SearchGridFieldsShownOnResultsDTO:!(),SearchLabel:'',SearchTerms:limborch,SortField:!n,SortOrder:0,TemplateParams:(Scenario:'',Scope:BELGICA,Size:!n,Source:'',Support:'',UseCompact:!f),UseSpellChecking:!n)))",,,Action required,,Add ref.,43904,Bibliothèque royale de Belgique,Bibliothèque royale de Belgique,Brussels
48348,106,1732,43787.0,,,No,,,No,,,,,,,,,,,,[47483],,https://lib.ugent.be/nl/catalog/rug01:000991044?i=24&q=1732&type=manuscript,,,Action required,,,43787,Rijksuniversiteit te Gent. Bibliotheek,Rijksuniversiteit te Gent Bibliotheek,Ghent
47555,106,Ltk. 2040,43873.0,,,No,,,No,,,,,,,,,,,,[47483],,"https://catalogue.leidenuniv.nl/discovery/fulldisplay?docid=alma990035455610302711&context=L&vid=31UKB_LEU:UBL_V1&lang=en&search_scope=MyInst_and_CI&adaptor=Local%20Search%20Engine&isFrbr=true&tab=Everything&query=any,contains,Ltk.%202040%20blancefloer&offset=0",,,Action required,,Add digitization.,43873,Universitaire Bibliotheken Leiden,Universitaire Bibliotheken Leiden,Leiden
47235,106,131 D 5,43733.0,,,No,,,No,,,,,,,,,,,,,,,,,Action required,,Add ref?,43733,Koninklijke Bibliotheek,Koninklijke Bibliotheek,The Hague
47627,106,"923,47",43889.0,,,No,,,No,,,,,,,,,,,,[47483],,,,,Action required,,Catalogue/digitization,43889,Staatsbibliothek zu Berlin Preußischer Kulturbesitz,Staatsbibliothek zu Berlin Kulturbesitz,Berlin
47720,106,"IV 209,5",43904.0,,,No,,,No,,,,,,,,,,,,[47483],,"https://opac.kbr.be/Library/search.aspx?SC=KBR_UNIFIED&QUERY=troyen&_lg=nl-BE#/Detail/(query:(Id:'position:%20SOLR/DEFA-000004_OFFSET_0',Index:1,NBResults:151,PageRange:3,SearchQuery:(FacetFilter:%7B%7D,ForceSearch:!f,InitialSearch:!f,Page:0,PageRange:3,QueryGuid:c3bef684-446d-4dcf-ab71-05dabe38ac83,QueryString:troyen,ResultSize:50,ScenarioCode:KBR_UNIFIED,ScenarioDisplayMode:display-standard,SearchGridFieldsShownOnResultsDTO:!(),SearchLabel:'',SearchTerms:troyen,SessionGuid:'9caf6bfd-7180-4c31-ad72-faa5f2b03333',SortField:!n,SortOrder:0,TemplateParams:(Scenario:'',Scope:Library,Size:!n,Source:'',Support:'',UseCompact:!f),UseSpellChecking:!n)))",,,Action required,,Digitization,43904,Bibliothèque royale de Belgique,Bibliothèque royale de Belgique,Brussels
47614,106,1651,43787.0,,,No,,,No,,,,,,,,,,,,[47483],[https://www.handschriftencensus.de/15895],https://lib.ugent.be/en/catalog/rug01:000990078?i=8&q=1651&type=manuscript,,,Action required,,Add digitization (ru-mail),43787,Rijksuniversiteit te Gent. Bibliotheek,Rijksuniversiteit te Gent Bibliotheek,Ghent
47567,106,Ltk. 203,43873.0,,,No,,,No,,,,,,,,,,,,[47483],[https://www.handschriftencensus.de/4052],https://digitalcollections.universiteitleiden.nl/view/item/3443224?solr_nav%5Bid%5D=36357ac68dda576705af&solr_nav%5Bpage%5D=0&solr_nav%5Boffset%5D=1#page/1/mode/1up,,,Action required,,Ark?,43873,Universitaire Bibliotheken Leiden,Universitaire Bibliotheken Leiden,Leiden
47782,106,129 A 10,43733.0,,,No,,,No,,,,,,,,,,,,[47483],[https://www.handschriftencensus.de/18444],https://www.kb.nl/ontdekken-bewonderen/topstukken/lancelotcompilatie,,,Action required,,Add field for alternative name?,43733,Koninklijke Bibliotheek,Koninklijke Bibliotheek,The Hague
48035,106,"IV 209,10",43904.0,,,No,,,No,,,,,,,,,,,,[47483],,,,,Action required,,catalogue/digitization,43904,Bibliothèque royale de Belgique,Bibliothèque royale de Belgique,Brussels
48154,106,1648,43787.0,,,No,,,No,,,,,,,,,,,,[47483],,https://lib.ugent.be/nl/catalog/rug01:000990088?i=21&q=1648&type=manuscript,,,Action required,,,43787,Rijksuniversiteit te Gent. Bibliotheek,Rijksuniversiteit te Gent Bibliotheek,Ghent
47563,106,Ltk. 202,43873.0,,,No,,,No,,,,,,,,,,,,[47483],[https://www.handschriftencensus.de/4052],https://digitalcollections.universiteitleiden.nl/view/item/3443228?solr_nav%5Bid%5D=36357ac68dda576705af&solr_nav%5Bpage%5D=0&solr_nav%5Boffset%5D=2#page/1/mode/1up,,,Action required,,Check.,43873,Universitaire Bibliotheken Leiden,Universitaire Bibliotheken Leiden,Leiden
47724,106,"IV 1275, 1",43904.0,,,No,,,Yes,,,[47728],,,,,,,,,[47485],,"https://opac.kbr.be/Library/search.aspx?SC=KBR_UNIFIED&QUERY=troyen&_lg=nl-BE#/Detail/(query:(Id:'position:%20SOLR/DEFA-000007_OFFSET_0',Index:13,NBResults:571,PageRange:3,SearchQuery:(FacetFilter:%7B%7D,ForceSearch:!f,InitialSearch:!f,Page:0,PageRange:3,QueryGuid:c3bef684-446d-4dcf-ab71-05dabe38ac83,QueryString:troyen,ResultSize:50,ScenarioCode:KBR_UNIFIED,ScenarioDisplayMode:display-standard,SearchGridFieldsShownOnResultsDTO:!(),SearchLabel:'',SearchTerms:troyen,SessionGuid:'9caf6bfd-7180-4c31-ad72-faa5f2b03333',SortField:!n,SortOrder:0,TemplateParams:(Scenario:'',Scope:Library,Size:!n,Source:'',Support:'',UseCompact:!f),UseSpellChecking:!n)))",,,Action required,,Check.,43904,Bibliothèque royale de Belgique,Bibliothèque royale de Belgique,Brussels
48033,106,1647,43787.0,,,No,,,No,,,,,,,,,,,,[47483],,https://lib.ugent.be/en/catalog/rug01:000990091?i=0&q=roman+van+antiochi%C3%AB,,,Action required,,url?,43787,Rijksuniversiteit te Gent. Bibliotheek,Rijksuniversiteit te Gent Bibliotheek,Ghent
47575,106,Ltk. 201,43873.0,,,No,,,No,,,,,,,,,,,,[47483],[https://www.handschriftencensus.de/4051],https://digitalcollections.universiteitleiden.nl/view/item/3443235?solr_nav%5Bid%5D=36357ac68dda576705af&solr_nav%5Bpage%5D=0&solr_nav%5Boffset%5D=0#page/1/mode/1up,,,Action required,,ARK?,43873,Universitaire Bibliotheken Leiden,Universitaire Bibliotheken Leiden,Leiden
47342,106,IV 1107,43904.0,,,No,,,No,,,,,,,,,,,,,,,,,Action required,,Check.,43904,Bibliothèque royale de Belgique,Bibliothèque royale de Belgique,Brussels
48322,106,1646,43787.0,,,No,,,No,,,,,,,,,,,,[47483],,https://lib.ugent.be/nl/catalog/rug01:000990093?i=4&q=1646&type=manuscript,,,Action required,,,43787,Rijksuniversiteit te Gent. Bibliotheek,Rijksuniversiteit te Gent Bibliotheek,Ghent
47382,106,Ltk. 196,43873.0,,,No,,,No,,,,,,,,,,,,,[https://www.handschriftencensus.de/20259],,,,Action required,,Add link Leiden,43873,Universitaire Bibliotheken Leiden,Universitaire Bibliotheken Leiden,Leiden
47288,106,"IV 109,12",43904.0,,,No,,,No,,,,,,,,,,,,,,,,,Action required,,Digitization/source.,43904,Bibliothèque royale de Belgique,Bibliothèque royale de Belgique,Brussels
47931,106,1643,43787.0,,,No,,,No,,,,,,,,,,,,[47483],[https://www.handschriftencensus.de/20275],https://lib.ugent.be/nl/catalog/rug01:000990102?i=0&q=roman+van+caesar&type=manuscript,,,Action required,,ark,43787,Rijksuniversiteit te Gent. Bibliotheek,Rijksuniversiteit te Gent Bibliotheek,Ghent
47370,106,Ltk. 195,43873.0,,,No,,,No,,,,,,,,,,,,,[https://www.handschriftencensus.de/20258],"https://catalogue.leidenuniv.nl/discovery/fulldisplay?docid=alma9940310119402711&context=L&vid=31UKB_LEU:UBL_V1&lang=en&search_scope=MyInst_and_CI&adaptor=Local%20Search%20Engine&isFrbr=true&tab=Everything&query=any,contains,Ltk.%20195&offset=0",,,Action required,,Add digitization & ref.,43873,Universitaire Bibliotheken Leiden,Universitaire Bibliotheken Leiden,Leiden
48182,106,IV 1059,43904.0,,,No,,,No,,,,,,,,,,,,[47483],,"https://opac.kbr.be/Library/search.aspx?SC=KBR_UNIFIED&QUERY=Moriaen&_lg=nl-BE#/Detail/(query:(Id:'position:%20SOLR/DEFA-000007_OFFSET_0',Index:10,NBResults:184,PageRange:3,SearchQuery:(FacetFilter:%7B%7D,ForceSearch:!f,InitialSearch:!f,Page:0,PageRange:3,QueryGuid:'27d88d51-68d2-4a48-bd05-9377265154a4',QueryString:Moriaen,ResultSize:50,ScenarioCode:KBR_UNIFIED,ScenarioDisplayMode:display-standard,SearchGridFieldsShownOnResultsDTO:!(),SearchLabel:'',SearchTerms:Moriaen,SessionGuid:'75beb923-1724-4b2b-be58-fe6853fb555b',SortField:!n,SortOrder:0,TemplateParams:(Scenario:'',Scope:Library,Size:!n,Source:'',Support:'',UseCompact:!f),UseSpellChecking:!n)))",,,Action required,,url?,43904,Bibliothèque royale de Belgique,Bibliothèque royale de Belgique,Brussels
47774,106,1619,43787.0,,,No,,,No,,,,,,,,,,,,[47483],[https://digitalcollections.universiteitleiden.nl/view/item/1595077?solr_nav%5Bid%5D=868a21c51242d7a78846&solr_nav%5Bpage%5D=0&solr_nav%5Boffset%5D=0#page/1/mode/1up],https://lib.ugent.be/en/catalog/rug01:000969203?i=1&q=walewein,,,Action required,,ARK,43787,Rijksuniversiteit te Gent. Bibliotheek,Rijksuniversiteit te Gent Bibliotheek,Ghent
47550,106,Ltk. 191,43873.0,,,No,,,No,,,,,,,,,,,,[47483],[https://www.handschriftencensus.de/21936],"https://catalogue.leidenuniv.nl/discovery/fulldisplay?docid=alma990035459990302711&context=L&vid=31UKB_LEU:UBL_V1&lang=en&search_scope=MyInst_and_CI&adaptor=Local%20Search%20Engine&isFrbr=true&tab=Everything&query=any,contains,ltk.%20191&offset=0",,,Action required,,Add digitization.,43873,Universitaire Bibliotheken Leiden,Universitaire Bibliotheken Leiden,Leiden
47409,106,"II 5949,2",43904.0,,,No,,,No,,,,,,,,,,,,,,"https://belgica.kbr.be/BELGICA/search.aspx#/Detail/(query:(Id:'2_OFFSET_0',Index:3,NBResults:12,PageRange:3,SearchQuery:(CloudTerms:!(),FacetFilter:%7B%7D,ForceSearch:!t,InitialSearch:!f,Page:0,PageRange:3,QueryGuid:'4f2ab816-099a-4546-841a-8c84991e3abb',QueryString:limborch,ResultSize:100,ScenarioCode:GALERIE,ScenarioDisplayMode:display-vignet,SearchGridFieldsShownOnResultsDTO:!(),SearchLabel:'',SearchTerms:limborch,SortField:!n,SortOrder:0,TemplateParams:(Scenario:'',Scope:BELGICA,Size:!n,Source:'',Support:'',UseCompact:!f),UseSpellChecking:!n)))",,,Action required,,add ref + digit,43904,Bibliothèque royale de Belgique,Bibliothèque royale de Belgique,Brussels
47591,106,1618,43787.0,,,No,,,No,,,,,,,,,,,,[47483],[https://www.handschriftencensus.de/15894],https://lib.ugent.be/en/catalog/rug01:000968581?i=0&max_year=1500&min_year=134&q=1618,,,Action required,,Add digitization (ru-mail),43787,Rijksuniversiteit te Gent. Bibliotheek,Rijksuniversiteit te Gent Bibliotheek,Ghent
47658,106,Ltk. 181,43873.0,,,No,,,No,,,,,,,,,,,,[47483],[https://www.handschriftencensus.de/24256],"https://catalogue.leidenuniv.nl/discovery/fulldisplay?docid=alma990035455450302711&context=L&vid=31UKB_LEU:UBL_V1&lang=en&search_scope=MyInst_and_CI&adaptor=Local%20Search%20Engine&isFrbr=true&tab=Everything&query=any,contains,Ltk.%20181&offset=0",,,Action required,,ark,43873,Universitaire Bibliotheken Leiden,Universitaire Bibliotheken Leiden,Leiden
48209,106,II 572,43904.0,,,No,,,No,,,,,,,,,,,,[47483],[https://www.handschriftencensus.de/24630],"https://opac.kbr.be/Library/search.aspx?SC=KBR_UNIFIED&QUERY=II+572&_lg=nl-BE#/Detail/(query:(Id:'position:%20SOLR/DEFA-000001_OFFSET_0',Index:1,NBResults:1,PageRange:3,SearchQuery:(FacetFilter:'%7B%22_842%22:%22Handschrift%22%7D',ForceSearch:!f,InitialSearch:!f,Page:0,PageRange:3,QueryGuid:'17d4bc14-389c-412f-b063-8048dbc884f9',QueryString:'II%20572',ResultSize:50,ScenarioCode:KBR_UNIFIED,ScenarioDisplayMode:display-standard,SearchGridFieldsShownOnResultsDTO:!(),SearchLabel:'',SearchTerms:'II%20572',SessionGuid:b5f72781-6673-4747-ba5f-23c2db686ae6,SortField:!n,SortOrder:0,TemplateParams:(Scenario:'',Scope:Library,Size:!n,Source:'',Support:'',UseCompact:!f),UseSpellChecking:!n)))",,,Action required,,Digitization,43904,Bibliothèque royale de Belgique,Bibliothèque royale de Belgique,Brussels
47712,106,1594,43787.0,,,No,,,No,,,,,,,,,,,,[47483],,https://lib.ugent.be/en/catalog/rug01:000765748?i=3&q=troyen,,,Action required,,Add digitization (ru-mail),43787,Rijksuniversiteit te Gent. Bibliotheek,Rijksuniversiteit te Gent Bibliotheek,Ghent
48152,106,Ltk. 1774,43873.0,,,No,,,No,,,,,,,,,,,,[47483],[https://www.handschriftencensus.de/24264],https://digitalcollections.universiteitleiden.nl/view/item/3443217?solr_nav%5Bid%5D=1d1dce7da89bc7ff80d1&solr_nav%5Bpage%5D=0&solr_nav%5Boffset%5D=0#page/1/mode/1up,,,Action required,,Digitization,43873,Universitaire Bibliotheken Leiden,Universitaire Bibliotheken Leiden,Leiden
48088,106,"II 115,3",43904.0,,,No,,,Yes,,,,,,,,,,,,[47483],,"https://opac.kbr.be/Library/search.aspx?SC=KBR_UNIFIED&QUERY=huge+van+bordeeus&_lg=nl-BE#/Detail/(query:(Id:'position:%20SOLR/DEFA-000002_OFFSET_0',Index:4,NBResults:165,PageRange:3,SearchQuery:(CloudTerms:!(),FacetFilter:%7B%7D,ForceSearch:!f,InitialSearch:!f,Page:0,PageRange:3,QueryGuid:d95e0237-4ee8-4402-97d2-9d9878a30115,QueryString:'roman%20van%20lancelot',ResultSize:50,ScenarioCode:KBR_UNIFIED,ScenarioDisplayMode:display-standard,SearchGridFieldsShownOnResultsDTO:!(),SearchLabel:'',SearchTerms:'roman%20van%20lancelot',SessionGuid:'097e85d8-d2cf-4660-a1e7-493cd179a3b9',SortField:!n,SortOrder:0,TemplateParams:(Scenario:'',Scope:Library,Size:!n,Source:'',Support:'',UseCompact:!f),UseSpellChecking:!n)))",,,Action required,,Check (url?),43904,Bibliothèque royale de Belgique,Bibliothèque royale de Belgique,Brussels
47530,106,1592,43787.0,,,No,,,No,,,,,,,,,,,,[47483],,https://lib.ugent.be/en/catalog/rug01:000839810,,,Action required,,,43787,Rijksuniversiteit te Gent. Bibliotheek,Rijksuniversiteit te Gent Bibliotheek,Ghent
46379,106,Ltk. 1774,43873.0,,,No,,,No,,,,,,,,,,,,,,,,,Open,,,43873,Universitaire Bibliotheken Leiden,Universitaire Bibliotheken Leiden,Leiden
48249,106,"II 115,2",43904.0,,,No,,,No,,,,,,,,,,,,[47483],,"https://opac.kbr.be/Library/search.aspx?SC=KBR_UNIFIED&QUERY=II+572&_lg=nl-BE#/Detail/(query:(Id:'position:%20SOLR/DEFA-000001_OFFSET_0',Index:1,NBResults:52,PageRange:3,SearchQuery:(CloudTerms:!(),FacetFilter:%7B%7D,ForceSearch:!f,InitialSearch:!f,Page:0,PageRange:3,QueryGuid:'2a290e20-ef1d-4152-903d-78a66306accc',QueryString:perchevael,ResultSize:50,ScenarioCode:KBR_UNIFIED,ScenarioDisplayMode:display-standard,SearchGridFieldsShownOnResultsDTO:!(),SearchLabel:'',SearchTerms:perchevael,SessionGuid:'34df968b-af50-43ad-92bc-8cfcd79602e9',SortField:!n,SortOrder:0,TemplateParams:(Scenario:'',Scope:Library,Size:!n,Source:'',Support:'',UseCompact:!f),UseSpellChecking:!n)))",,,Action required,,,43904,Bibliothèque royale de Belgique,Bibliothèque royale de Belgique,Brussels
47760,106,1590,43787.0,,,No,,,No,,,,,,,,,,,,[47483],,https://lib.ugent.be/en/catalog/rug01:000839806?i=41&q=vergi,,,Action required,,Check.,43787,Rijksuniversiteit te Gent. Bibliotheek,Rijksuniversiteit te Gent Bibliotheek,Ghent
48098,106,Ltk. 1752,43873.0,,,No,,,No,,,,,,,,,,,,[47483],[https://www.handschriftencensus.de/18433],,,,Action required,,Digitization,43873,Universitaire Bibliotheken Leiden,Universitaire Bibliotheken Leiden,Leiden
48063,106,"II 719,49",43904.0,hs. II 719,,No,,,No,,,,,,,,,,,,,,,,,Action required,,No catalogue?,43904,Bibliothèque royale de Belgique,Bibliothèque royale de Belgique,Brussels
47513,106,7 bis d,47350.0,,,No,,,No,,,,,,,,,,,,[47483],[https://www.handschriftencensus.de/20268],,,,Action required,,Add digitization/catalogue.,47350,Koninklijke academie voor Nederlandse taal en letteren,Kon. Acad. Ned. Taal- en Letterk.,Ghent
48054,106,Ltk. 1352,43873.0,,,No,,,No,,,,,,,,,,,,[47483],[https://www.arlima.net/eh/huon_de_bordeaux/nl_version_fragmentaire.html],,,,Action required,,No catalogue?,43873,Universitaire Bibliotheken Leiden,Universitaire Bibliotheken Leiden,Leiden
47428,106,21.143,43904.0,,,No,,,No,,,,,,,,,,,,,,,,,Action required,,No catalogue found.,43904,Bibliothèque royale de Belgique,Bibliothèque royale de Belgique,Brussels
47391,106,7 bis b,47350.0,,,No,,,No,,,,,,,,,,,,,,,,,Action required,,ref.,47350,Koninklijke academie voor Nederlandse taal en letteren,Kon. Acad. Ned. Taal- en Letterk.,Ghent
48328,106,Ltk. 1199,43873.0,,,No,,,No,,,,,,,,,,,,[47483],,,,,Action required,,Digitization,43873,Universitaire Bibliotheken Leiden,Universitaire Bibliotheken Leiden,Leiden
47930,106,19.613,43904.0,,,No,,,No,,,,,,,,,,,,[47483],[https://www.handschriftencensus.de/20275],,,,Action required,,Find digitization.,43904,Bibliothèque royale de Belgique,Bibliothèque royale de Belgique,Brussels
47716,106,7 bis a,47350.0,,,No,,,No,,,,,,,,,,,,[47483],,,,,Action required,,Links/digitization,47350,Koninklijke academie voor Nederlandse taal en letteren,Kon. Acad. Ned. Taal- en Letterk.,Ghent
47504,106,Ltk. 1196,43873.0,,,No,,,No,,,,,,,,,,,,[47483],[https://www.handschriftencensus.de/20266],https://digitalcollections.universiteitleiden.nl/view/item/375576?solr_nav%5Bid%5D=7c00fd1833b620eff87d&solr_nav%5Bpage%5D=0&solr_nav%5Boffset%5D=0#page/1/mode/1up,,,Action required,,Check.,43873,Universitaire Bibliotheken Leiden,Universitaire Bibliotheken Leiden,Leiden
47284,106,19.581,43904.0,,,No,,,No,,,,,,,,,,,,,,,,,Action required,,Digitization/source.,43904,Bibliothèque royale de Belgique,Bibliothèque royale de Belgique,Brussels
47685,106,1,47350.0,,,No,,,No,,,,,,,,,,,,[47483],,,,,Action required,,Add url's,47350,Koninklijke academie voor Nederlandse taal en letteren,Kon. Acad. Ned. Taal- en Letterk.,Ghent
47946,106,Ltk. 1195,43873.0,,,No,,,No,,,,,,,,,,,,[47483],,,,,Action required,,url/digitization,43873,Universitaire Bibliotheken Leiden,Universitaire Bibliotheken Leiden,Leiden
47972,106,19.577,43904.0,,,No,,,No,,,,,,,,,,,,[47483],,"https://opac.kbr.be/Library/search.aspx?SC=KBR_UNIFIED&QUERY=18.228&_lg=nl-BE#/Detail/(query:(Id:'position:%20SOLR/DEFA-000002_OFFSET_0',Index:2,NBResults:21,PageRange:3,SearchQuery:(CloudTerms:!(),FacetFilter:%7B%7D,ForceSearch:!f,InitialSearch:!f,Page:0,PageRange:3,QueryGuid:'304fca6a-5635-4a62-a632-94de9803bf5a',QueryString:'19577',ResultSize:50,ScenarioCode:KBR_UNIFIED,ScenarioDisplayMode:display-standard,SearchGridFieldsShownOnResultsDTO:!(),SearchLabel:'',SearchTerms:'19577',SessionGuid:dec08a3f-52eb-4b49-a656-63df2ae4f0ed,SortField:!n,SortOrder:0,TemplateParams:(Scenario:'',Scope:Library,Size:!n,Source:'',Support:'',UseCompact:!f),UseSpellChecking:!n)))",,,Action required,,Digitization,43904,Bibliothèque royale de Belgique,Bibliothèque royale de Belgique,Brussels
48166,106,Ltk. 1107,43873.0,,,No,,,No,,,,,,,,,,,,[47483],[https://www.handschriftencensus.de/23917],https://bnm-i.huygens.knaw.nl/tekstdragers/TDRA000000001483,,,Action required,,Digitization,43873,Universitaire Bibliotheken Leiden,Universitaire Bibliotheken Leiden,Leiden
48078,106,18.430,43904.0,,,No,,,No,,,,,,,,,,,,[47483],,,,,Action required,,Digitization,43904,Bibliothèque royale de Belgique,Bibliothèque royale de Belgique,Brussels
47963,106,Ltk. 1024,43873.0,,,No,,,No,,,,,,,,,,,,[47483],,https://digitalcollections.universiteitleiden.nl/view/item/376816?solr_nav%5Bid%5D=97d35613ab1ced1a85ae&solr_nav%5Bpage%5D=0&solr_nav%5Boffset%5D=0#page/1/mode/1up,,,Action required,,Check.,43873,Universitaire Bibliotheken Leiden,Universitaire Bibliotheken Leiden,Leiden
47950,106,18.228,43904.0,,,No,,,No,,,,,,,,,,,,[47483],,"https://opac.kbr.be/Library/search.aspx?SC=KBR_UNIFIED&QUERY=18.228&_lg=nl-BE#/Detail/(query:(Id:'position:%20SOLR/DEFA-000001_OFFSET_0',Index:1,NBResults:1,PageRange:3,SearchQuery:(CloudTerms:!(),FacetFilter:%7B%7D,ForceSearch:!f,InitialSearch:!f,Page:0,PageRange:3,QueryGuid:'755d6aed-3635-4622-adb9-462f4272ce19',QueryString:cassamus,ResultSize:50,ScenarioCode:KBR_UNIFIED,ScenarioDisplayMode:display-standard,SearchGridFieldsShownOnResultsDTO:!(),SearchLabel:'',SearchTerms:cassamus,SessionGuid:c711ce71-f184-4335-aac1-0ab52b6f9ee9,SortField:!n,SortOrder:0,TemplateParams:(Scenario:'',Scope:Library,Size:!n,Source:'',Support:'',UseCompact:!f),UseSpellChecking:!n)))",,,Action required,,Digitization,43904,Bibliothèque royale de Belgique,Bibliothèque royale de Belgique,Brussels
48121,106,Ltk. 1022,43873.0,,,No,,,No,,,,,,,,,,,,[47483],[https://www.handschriftencensus.de/20263],https://digitalcollections.universiteitleiden.nl/view/item/376813?solr_nav%5Bid%5D=56059c0999e3e8d53507&solr_nav%5Bpage%5D=0&solr_nav%5Boffset%5D=0#page/1/mode/1up,,,Action required,,Check,43873,Universitaire Bibliotheken Leiden,Universitaire Bibliotheken Leiden,Leiden
47647,106,15.589-623,43904.0,,,No,,,No,,,,,,,,,,,,[47483],[https://www.handschriftencensus.de/6926],"https://opac.kbr.be/Library/search.aspx?SC=KBR_UNIFIED&QUERY=historie+van+troyen&QUERY_LABEL=#/Detail/(query:(Id:'position:%20SOLR/DEFA-000001_OFFSET_0',Index:1,NBResults:50,PageRange:3,SearchQuery:(CloudTerms:!(),FacetFilter:'%7B%22_842%22:%22Handschrift%22%7D',ForceSearch:!f,InitialSearch:!f,Page:0,PageRange:3,QueryGuid:a0b8352e-c944-4f60-9bd2-1bdc7aff14ad,QueryString:hulthem,ResultSize:50,ScenarioCode:KBR_UNIFIED,ScenarioDisplayMode:display-standard,SearchGridFieldsShownOnResultsDTO:!(),SearchLabel:'',SearchTerms:hulthem,SessionGuid:'7e228b39-10c1-49e9-a537-37e434cc05c7',SortField:!n,SortOrder:0,TemplateParams:(Scenario:'',Scope:Library,Size:!n,Source:'',Support:'',UseCompact:!f),UseSpellChecking:!n)))",,,Action required,,Check.,43904,Bibliothèque royale de Belgique,Bibliothèque royale de Belgique,Brussels
48310,106,BPL 3085,43873.0,,,No,,,No,,,,,,,,,,,,,[https://www.handschriftencensus.de/13177],https://digitalcollections.universiteitleiden.nl/view/item/760243?solr_nav%5Bid%5D=7635af6b8e7a241ece2a&solr_nav%5Bpage%5D=0&solr_nav%5Boffset%5D=0#page/1/mode/1up,,,Action required,,,43873,Universitaire Bibliotheken Leiden,Universitaire Bibliotheken Leiden,Leiden
47733,106,liasse 698,43901.0,,,No,,,unknown,,,,,,,,,,,,,,,,,Action required,,Find sources!,43901,Archives générales du Royaume,Archives générales du Royaume,Brussels
48354,106,BPL 2894,43873.0,,,No,,,No,,,,,,,,,,,,[47483],,https://digitalcollections.universiteitleiden.nl/view/item/1679726?solr_nav%5Bid%5D=c91c94bac377d3550987&solr_nav%5Bpage%5D=0&solr_nav%5Boffset%5D=0#page/1/mode/1up,,,Action required,,,43873,Universitaire Bibliotheken Leiden,Universitaire Bibliotheken Leiden,Leiden
47631,106,"BPL 2552,34",43873.0,,,No,,,No,,,,,,,,,,,,[47483],[https://www.handschriftencensus.de/15874],,,,Action required,,Catalogue/digitization,43873,Universitaire Bibliotheken Leiden,Universitaire Bibliotheken Leiden,Leiden
47729,106,BPL 2387,43873.0,,,No,,,No,,,,,,,,,,,,[47485],,"https://catalogue.leidenuniv.nl/discovery/fulldisplay?docid=alma990035456460302711&context=L&vid=31UKB_LEU:UBL_V1&lang=en&search_scope=MyInst_and_CI&adaptor=Local%20Search%20Engine&isFrbr=true&tab=Everything&query=any,contains,BPL%202387%20&offset=0",,,Action required,,Digitization.,43873,Universitaire Bibliotheken Leiden,Universitaire Bibliotheken Leiden,Leiden
47405,106,B.P.L. 3086,43873.0,,,No,,,No,,,,,,,,,,,,,,"https://catalogue.leidenuniv.nl/discovery/fulldisplay?docid=alma990035458460302711&context=L&vid=31UKB_LEU:UBL_V1&lang=en&search_scope=MyInst_and_CI&adaptor=Local%20Search%20Engine&tab=Everything&query=any,contains,BPL%203086&offset=0",,,Action required,,Check.,43873,Universitaire Bibliotheken Leiden,Universitaire Bibliotheken Leiden,Leiden
48068,106,"B.P.L. 2552,37",43873.0,,,No,,,No,,,,,,,,,,,,[47483],,,,,Action required,,Digitization/url,43873,Universitaire Bibliotheken Leiden,Universitaire Bibliotheken Leiden,Leiden
46346,106,B.P.L. 1049,43873.0,,,No,,,No,,,[46350],,,,,,,,,,,,,,Action required,,Add reference,43873,Universitaire Bibliotheken Leiden,Universitaire Bibliotheken Leiden,Leiden
48240,106,1333,,,,No,,,No,,,,,,,,,,,,[47483],,,,,Action required,,Add repository uni Luik (H87)/urls,,,,
48000,106,1804,,,,No,,,No,,,,,,,,,,,,[47483],,,,,Action required,,Add repository Leeuwarden,,,,
47266,106,196 B 19,,,,No,,,No,,,,,,,,,,,,,,,,,Action required,,Add repository.,,,,
48127,106,2o MS 638,,,,No,,,No,,,,,,,,,,,,[47483],[https://www.handschriftencensus.de/9024],,,,Action required,,Add repository Greifswald (H58A),,,,
48254,106,392/21,,,,No,,,No,,,,,,,,,,,,[47483],,,,,Action required,,Add repository Prague museum (H90)/urls,,,,
48216,106,406,,,,No,,,No,,,,,,,,,,,,[47483],[https://www.handschriftencensus.de/15397],https://rug.on.worldcat.org/search/detail/778595179?queryString=Parthonopeus&clusterResults=true&groupVariantRecords=false&bookReviews=off,,,Action required,,Add repository Groningen H83C/digitization,,,,
47401,106,41,,,,No,,,No,,,,,,,,,,,,,,,,,Action required,,Add repository! H51C,,,,
48136,106,4o Ms. poet. et roman. 29,,,,No,,,No,,,,,,,,,,,,[47483],[https://www.handschriftencensus.de/9024],,,,Action required,,Add repository Kassel (H58H),,,,
48200,106,5 P 64,,,,No,,,No,,,,,,,,,,,,[47483],[https://www.handschriftencensus.de/8729],,,,Action required,,Add repository Cologne H81C + digitization,,,,
47675,106,88 C 6,,,,No,,,No,,,,,,,,,,,,[47483],,,,,Action required,,Add info + repository,,,,
48206,106,A 45,,,,No,,,No,,,,,,,,,,,,[47483],[https://www.handschriftencensus.de/24630],,,,Action required,,Repository Keulen H 82A/digitization,,,,
48044,106,B 37,,,,No,,,No,,,,,,,,,,,,[47483],[https://www.handschriftencensus.de/23908],,,,Action required,,Add repository (Burgsteinfurt B 37),,,,
48101,106,"Best. 147 Hr. 1,1",,,,No,,,No,,,,,,,,,,,,[47483],[https://www.handschriftencensus.de/18433],,,,Action required,,Add repository Marburg H48 D,,,,
47466,106,Cod. germ. 50,,,,No,,,No,,,,,,,,,,,,,[https://www.handschriftencensus.de/13766],,,,Action required,,Add repository!,,,,
47271,106,"Cod. germ. 5249, Nr.69",,,,No,,,Yes,,,,,,,,,,,,,,,,,Action required,,"Add repository, add digitization/catalogue information.",,,,
48131,106,"Cod.misc. 4o 30d, XIV",,,,No,,,No,,,,,,,,,,,,[47483],[https://www.handschriftencensus.de/9024],,,,Action required,,Add repository stuttgart (H58E),,,,
48036,106,z.s.,,Coll.-J. Deschamps,,No,,,No,,,,,,,,,,,,[47483],,,,,Action required,,Digitization,,,,
48175,106,Depositum Landsberg-Velen,,,,No,,,No,,,,,,,,,,,,[47483],[https://www.handschriftencensus.de/23918],,,,Action required,,Add repository Münster staatsarchiv H75,,,,
48116,106,z.s.,,Fragment-J.F. Willems,,Yes,,,No,,,,,,,,,,,,[47483],[https://www.handschriftencensus.de/20264],,,,Action required,,Check name,,,,
47968,106,Doos 1,,Fragmenten-De Pauw,,Yes,,,Yes,,,,,,,,,,,,[47483],,,,,Action required,,Add Gent stadsarchief,,,,
48058,106,5000 PB 52,,Fragmenten-Katwijk/Fragment-Deschamps,,No,,,No,,,,,,,,,,,,[47483],,,,,Action required,,Add repository (H35),,,,
47461,106,Inv. Nr. 22895: 5,,,,No,,,Yes,,,,,,,,,,,,,,,,,Action required,,Add repository!,,,,
47414,106,M 15.10,,,,No,,,No,,,,,,,,,,,,,,https://anet.be/desktop/mpm,,,Action required,,Add repository.,,,,
48372,106,mazzo 41 (fasc. 2),,,,No,,,No,,,,,,,,,,,,[47485],,,,,Action required,,Add repository Vercelli /url/digitization,,,,
48232,106,z.s.,,mevr. B. Buchholz,,No,,,No,,,,,,,,,,,,[47483],,,,,Action required,,Digitization?,,,,
47275,106,Ms. 1645,,,,No,,,Yes,,,,,,,,,,,,,,,,,Action required,,Does it count as collection of fragments? + digitization + repository,,,,
48215,106,Prov. f.155,,,,No,,,Yes,,,,,,,,,,,,[47483],[https://www.handschriftencensus.de/15397],,,,Action required,,Add repository Jena H83A/digitization,,,,
47419,106,,,,,Yes,,"There exists a copy of a fragment, currently present in Universitaire Bibliotheken Leiden, with shelf mark Ltk. 1792.",unknown,,,,,,,,,,,,,[https://www.handschriftencensus.de/20260],,,,Action required,,Is this the proper way to enter a ghost?,,,,
48231,106,W. 4o 322*,,,,No,,,No,,,,,,,,,,,,[47483],,,,,Action required,,Repository Keulen (H86A),,,,
48217,106,z.s.,,,,Yes,,,No,,,,,,,,,,,,[47483],[https://www.handschriftencensus.de/15397],,,,Action required,,Add repository Keulen Dombibliothek H83D,,,,
47981,106,z.s. (Bourborg),,,,No,,,No,,,,,,,,,,,,[47483],,,,,Action required,,Add repository,,,,
48001,106,z.s. (Den Bosch),,,,No,,,No,,,,,,,,,,,,[47483],,,,,Action required,,Add repository Den Bosch,,,,
48278,106,z.s. (H103),,,,No,,,No,,,,,,,,,,,,[47483],[https://www.handschriftencensus.de/19710],,,,Action required,,Add repository H103,,,,
48289,106,z.s. (H104),,,,No,,,No,,,,,,,,,,,,[47483],[https://www.handschriftencensus.de/21475],,,,Action required,,Add repository (H104),,,,
48050,106,z.s. (H33),,,,Yes,,,No,,,,,,,,,,,,[47483],,,,,Action required,,Check,,,,
48099,106,z.s. (H48 B),,,,No,,,No,,,,,,,,,,,,[47483],[https://www.handschriftencensus.de/18433],,,,Action required,,Add repository Münster H 48 B,,,,
48100,106,z.s. (H48 C),,,,Yes,,,No,,,,,,,,,,,,[47483],[https://www.handschriftencensus.de/18433],,,,Action required,,Add repository Mengeringhausen H48 C,,,,
48227,106,z.s. (H85),,,,No,,,No,,,,,,,,,,,,[47483],[https://www.handschriftencensus.de/24631],,,,Action required,,Add repository Prague uni,,,,
48371,106,z.s. (Proza-Lancelot,,,,No,,,No,,,,,,,,,,,,[47485],,,,,Action required,,Add repository Wezemaal (H143A),,,,
47741,106,z.s. Abdijbibliotheek Berne,,,,unknown,,,unknown,,,,,,,,,,,,,,,,,Action required,,Find source. Add repository.,,,,
48009,106,z.s. Den Bosch stadsarchief (H 26),,,,No,,,No,,,,,,,,,,,,[47483],,,,,Action required,,Add repository,,,,
47668,106,z.s. Ghent Archief,,,,No,,,No,,,,,,,,,,,,[47483],,,,,Action required,,Add lots.,,,,
