H-ID,type_id,subject_of_description H-ID,material,material TRM-ID,form,form TRM-ID,folio_size_width,folio_size_height,folio_size_reference,estimated_folio_size_height,estimated_folio_size_width,estimated_folio_size_reference,has_decorations,has_decorations TRM-ID,amount_of_illustrations,amount_of_illustrations TRM-ID,writing_surface_area_height,writing_surface_area_width,writing_surface_area_reference,number_of_columns,number_of_lines_in_writing_area,above_top_line,above_top_line TRM-ID,script_type,script_type TRM-ID,subscript_type,subscript_type TRM-ID
47243,129,,perg,,codex,,,,,240-250,170-175,"Kienhorst (1988), p. 82.",[rubrication],,none,,196-200,133,"Kienhorst (1988), p. 82.",2,39,unknown,,textualis,,,
47270,129,47266.0,perg,,codex,,,,,168-170,112-116,"Kienhorst 1988, p. 84.",[rubrication],,none,,149-151,80,"Kienhorst 1988, p. 84.",1,33,,,textualis,,,
47274,129,47271.0,perg,,codex,,,,,185,110,"Kienhorst 1988, p. 85.","[initial, rubrication]",,none,,150,79,"Kienhorst 1988, p. 85.",1,25,,,textualis,,,
47278,129,47275.0,perg,,codex,,,,,200,110,"Kienhorst 1988, p. 86.",[rubrication],,none,,156-158,70,"Kienhorst 1988, p. 86.",1,32-34,,,textualis,,,
47282,129,47279.0,perg,,codex,,,,,240,170,"Kienhorst 1988, p. 87.","[rubrication, initial]",,none,,180-189,,"Kienhorst 1988, p. 87.",2,39-40,,,textualis,,,
47287,129,47284.0,perg,,codex,,,,,99-103,131-134,"Kienhorst 1988, p. 149.",[rubrication],,none,,99-103,125,"Kienhorst 1988, p. 149.",2,23-24,,,textualis,,,
47291,129,47288.0,perg,,codex,,,,,235,180,"Kienhorst 1988, p. 150.",[rubrication],,none,,200-210,90,"Kienhorst 1988, p. 150.",2,40,,,textualis,,,
47339,129,47335.0,perg,,codex,,205,265,"Kienhorst (1988), p. 222.",,,,[rubrication],,none,,229-233,188-190,"Kienhorst (1988), p. 222.",4,45,,,textualis,,,
47345,129,47342.0,perg,,codex,,365-368,129,"Kienhorst (1988), p. 59.",260,368,"Kienhorst (1988), p. 59.",[no decoration],,none,,,152,,2,,,,textualis,,,
47355,129,47352.0,perg,,codex,,185-192,290-294,"Kienhorst (1988), p. 68.",,,,[initial],,none,,229,125-132,"Kienhorst (1988), p. 68",2,50,unknown,,textualis,,,
47377,129,47370.0,perg,,codex,,208,278,"Kienhorst (1988), p. 102.",,,,"[rubrication, initial]",,one,,209,125,"Kienhorst (1988), p. 102.",2,46,unknown,,textualis,,,
47385,129,47382.0,perg,,codex,,196-197,237,"Kienhorst (1988), p. 104.",,,,[rubrication],,none,,190,137,,2,42,unknown,,textualis,,,
47390,129,47387.0,perg,,codex,,126-128,182-188,"Kienhorst (1988),p. 105.",,,,"[rubrication, incomplete dec.]",,none,,180,,,2,40,,,textualis,,,
47394,129,47391.0,perg,,codex,,200,290-295,"Kienhorst (1988), p. 106.",,,,"[rubrication, initial]",,none,,232-234,134-135,"Kienhorst (1988), p. 106.",2,53,unknown,,textualis,,,
47408,129,47405.0,perg,,codex,,260-265,209-214,"Kienhorst (1988), p. 108.",,,,"[rubrication, incomplete dec.]",,none,,177-180,127-128,"Kienhorst (1988), p. 108.",2,40,unknown,,textualis,,,
47413,129,47409.0,perg,,codex,,165-170,260,"Kienhorst (1988), p. 109.",,,,[rubrication],,none,,220,123-125,"Kienhorst (1988), p. 109.",2,50,unknown,,textualis,,,
47418,129,47414.0,perg,,codex,,177-179,254-255,"Kienhorst (1988), p. 110.",,,,"[rubrication, initial]",,none,,218-219,132-134,"Kienhorst (1988), p. 110.",2,50,unknown,,textualis,,,
47422,129,47419.0,perg,,codex,,NA,NA,"Kienhorst (1988), p. 111.",,,,[unknown],,unknown,,,,,2,50,,,unknown,,,
47427,129,47423.0,perg,,codex,,57,89-90,"Kienhorst (1988), p. 112.",,,,[rubrication],,none,,,,,2,40,,,textualis,,,
47431,129,47428.0,perg,,codex,,140,230,"Kienhorst (1988), p. 181.",,,,[rubrication],,none,,180,,,2,40,,,textualis,,,
47435,129,47432.0,perg,,codex,,NA,NA,"Kienhorst (1988), p. 182.",,,,[unknown],,unknown,,,,,2,48,,,unknown,,,
47439,129,47436.0,perg,,codex,,150,210,"Kienhorst (1988), p. 183.",,,,[incomplete dec.],,none,,173-175,70-73,"Kienhorst (1988), p. 183.",2,30-33,,,cursiva,,,
47443,129,47440.0,perg,,codex,,170,240-250,"Kienhorst (1988), p. 184.",,,,[rubrication],,none,,,126,,2,42,,,textualis,,,
47447,129,47444.0,perg,,codex,,215,300,"Kienhorst (1988), p. 172.",,,,"[rubrication, initial]",,none,,222,154-155,"Kienhorst (1988), p. 172.",2,50,,,textualis,,,
47456,129,47453.0,perg,,codex,,150,100,"Kienhorst (1988), p. 174.",200,150,"Kienhorst (1988), p. 174.",[rubrication],,none,,,,,2,40-45,,,textualis,,,
47460,129,47457.0,perg,,codex,,160,200,"Kienhorst (1988), p. 174.",,,,"[rubrication, initial]",,none,,160,,,2,33,,,textualis,,,
47465,129,47461.0,chart,,codex,,210,300,"Kienhorst (1988), p. 175.",,,,[no decoration],,none,,,,,1,36,,,cursiva,,,
47469,129,47466.0,perg,,codex,,242,362-366,"Kienhorst (1988), p. 176.",,,,"[rubrication, initial]",,none,,275,175,"Kienhorst (1988), p. 176.",2,40,,,textualis,,,
47480,129,47476.0,perg,,codex,,148,221,"Kienhorst (1988), p. 9.",250,180,"Kienhorst (1988), p. 9.","[initial, rubrication]",,none,,202-207,140,"Kienhorst (1988), p. 9.",2,38,unknown,,textualis,,,
47502,129,47498.0,perg,,codex,,170,240,"Kienhorst (1988), p. 8.",,,,[unknown],,none,,171,120,"Kienhorst (1988), p. 8.",2,35,,,textualis,,,
47507,129,47504.0,perg,,codex,,190,270,"Kienhorst (1988), p. 10.",,,,"[rubrication, initial]",,none,,220,150,"Kienhorst (1988), p. 10.",2,47,,,textualis,,,
47512,129,47509.0,perg,,codex,,200,290,"Kienhorst (1988), p. 11.",,,,"[rubrication, initial]",,none,,216-222,156-157,"Kienhorst (1988), p. 11.",3,50,,,textualis,,,
47516,129,47513.0,chart,,codex,,210,300,"Kienhorst (1988), p. 12.",,,,"[rubrication, initial]",,none,,,121-128,,2,33-37,,,cursiva,,,
47522,129,47518.0,perg,,codex,,175,270-280,"Kienhorst (1988), p. 192.",,,,"[rubrication, initial]",,none,,220-222,128,"Kienhorst (1988), p. 192.",2,46,,,textualis,,,
47534,129,47530.0,perg,,codex,,210,300,"Kienhorst (1988), p. 18.",,,,[rubrication],,none,,242,,,2,45,,,textualis,,,
47538,129,47535.0,perg,,codex,,180,265,"Kienhorst (1988), p. 19.",,,,[rubrication],,none,,,156-157,,2,,,,textualis,,,
47543,129,47540.0,perg,,codex,,200,280,"Kienhorst (1988), p. 24.",,,,"[rubrication, initial]",,none,,250,163-165,"Kienhorst (1988), p. 24.",3,52-53,,,textualis,,,
47547,129,47544.0,perg,,codex,,NA,NA,"Kienhorst (1988), p. 25.",,,,[no decoration],,none,,160,120,"Kienhorst (1988), p. 25.",2,35-37,,,textualis,,,
47554,129,47550.0,perg,,codex,,168,260,"Kienhorst (1988), p. 55.",,,,[unknown],,unknown,,214,135,"Kienhorst (1988), p. 55.",2,40,unknown,,textualis,,,
47558,129,47555.0,perg,,codex,,115-120,175,"Kienhorst (1988), p. 56.",,,,[rubrication],,none,,138-141,65-66,"Kienhorst (1988), p. 56.",1,28,unknown,,textualis,,,
47571,129,47563.0,perg,,codex,,192,270-280,"Kienhorst (1988), p. 129.",,,,"[rubrication, initial]",,none,,225,150,"Kienhorst (1988), p. 129.",2,40,unknown,,textualis,,,
47579,129,47573.0,perg,,codex,,195-200,280-290,"Kienhorst (1988), p. 131.",,,,[rubrication],,none,,230-235,145,"Kienhorst (1988), p. 131.",2,54,unknown,,textualis,,,
47584,129,47581.0,perg,,codex,,218,310,"Kienhorst (1988), p. 132.",,,,"[rubrication, initial]",,none,,245,,,2,57-61,unknown,,textualis,,,
47589,129,47585.0,perg,,codex,,155-159,200-203,"Kienhorst (1988), p. 134.",,,,[rubrication],,none,,,140,,2,40,unknown,,textualis,,,
47594,129,47591.0,perg,,codex,,180,260,"Kienhorst (1988), p. 135.",,,,[rubrication],,none,,225,140,"Kienhorst (1988), p. 135.",2,50,unknown,,textualis,,,
47617,129,47614.0,perg,,codex,,200,280,"Kienhorst (1988), p. 135",,,,[rubrication],,none,,,151-152,,2,40,unknown,,textualis,,,
47621,129,47618.0,perg,,codex,,98,186,"Kienhorst (1988), p. 136-137",,,,[rubrication],,none,,,64-67,,2,40,unknown,,textualis,,,
47626,129,47622.0,perg,,codex,,105,266-267,"Kienhorst (1988), p. 137",,,,[rubrication],,none,,218,,,2,50,,,textualis,,,
47630,129,47627.0,perg,,codex,,160-164,240,"Kienhorst (1988), p. 138",,,,[rubrication],,none,,195,132,,2,43,unknown,,textualis,,,
47634,129,47631.0,perg,,codex,,183,251,"Kienhorst (1988), p. 139",,,,[rubrication],,none,,207-209,135,"Kienhorst (1988), p. 139.",2,50,unknown,,textualis,,,
47639,129,47636.0,chart,,codex,,206,284,"Kienhorst (1988), p. 196",,,,"[rubrication, initial]",,none,,215,155,"Kienhorst (1988), p. 196.",2,34-39,unknown,,hybrida,,,
47651,129,47647.0,chart,,codex,,205,274,"Kienhorst (1988), p. 194.",,,,[rubrication],,none,,,,,2,46-47,,,cursiva,,,
47657,129,47653.0,perg,,codex,,170,240-245,"Kienhorst (1988), p. 197.",,,,"[rubrication, initial]",,none,,198-203,129,"Kienhorst (1988), p. 197.",2,46,unknown,,textualis,,,
47664,129,47658.0,perg,,codex,,240,335-340,"Kienhorst (1988), p. 199.",,,,"[rubrication, initial]",,none,,260-265,185,"Kienhorst (1988), p. 199.",3,62,unknown,,textualis,,,
47672,129,47668.0,perg,,codex,,190-195,280,"Kienhorst (1988), p. 201.",,,,"[rubrication, initial]",,none,,230,158-161,"Kienhorst (1988), p. 201.",2,42,unknown,,textualis,,,
47679,129,47675.0,perg,,codex,,157-158,208,"Kienhorst (1988), p. 203.",,,,[rubrication],,none,,265,,,2,50,unknown,,textualis,,,
47683,129,47680.0,perg,,codex,,183,232,"Kienhorst (1988), p. 204.",,,,[rubrication],,none,,225-230,170,,2,52,unknown,,textualis,,,
47688,129,47685.0,perg,,codex,,197-201,280-290,"Kienhorst (1988), p. 204.",,,,[rubrication],,none,,240,155,,2,50,unknown,,textualis,,,
47695,129,47689.0,perg,,codex,,180,260,"Kienhorst (1988), p. 205.",,,,"[initial, rubrication]",,none,,205,130,,2,50,unknown,,textualis,,,
47715,129,47712.0,perg,,codex,,265,340-350,"Kienhorst (1988), p. 207.",,,,"[rubrication, initial]",,none,,270,204,,3,52,unknown,,textualis,,,
47719,129,47716.0,perg,,codex,,270,370,"Kienhorst (1988), p. 208.",,,,[rubrication],,none,,278,215-220,,3,53,unknown,,textualis,,,
47723,129,47720.0,perg,,codex,,234,20-24,"Kienhorst (1988), p. 210.",,,,[rubrication],,none,,,142,,2,38,unknown,,textualis,,,
47727,129,47724.0,perg,,codex,,134,30,https://opac.kbr.be/Library,,,,[rubrication],,none,,,,,2,,unknown,,textualis,,,
47732,129,47729.0,perg,,codex,,NA,NA,NA,,,,[unknown],,none,,,,,,,,,unknown,,,
47736,129,47733.0,unknown,,unknown,,NA,NA,NA,,,,[unknown],,unknown,,,,,,,,,unknown,,,
47740,129,47737.0,unknown,,unknown,,NA,NA,NA,,,,[unknown],,unknown,,,,,,,,,unknown,,,
47744,129,47741.0,unknown,,unknown,,NA,NA,NA,,,,[unknown],,unknown,,,,,,,,,unknown,,,
47749,129,47746.0,perg,,codex,,185-190,260-270,"Kienhorst (1988), p. 211.",,,,[rubrication],,none,,206,140,,2,44,unknown,,textualis,,,
47754,129,47750.0,perg,,codex,,166-171,255-260,"Kienhorst (1988), p. 212.",,,,"[rubrication, initial]",,none,,215,138,,2,50,unknown,,textualis,,,
47764,129,47760.0,perg,,codex,,255-258,305,"Kienhorst (1988), p. 215.",,,,[rubrication],,none,,255-260,215,,3,50,unknown,,textualis,,,
47779,129,47774.0,perg,,codex,,170,260,"Kienhorst (1988), p. 217.",,,,[rubrication],,none,,215-220,128-130,,2,50,unknown,,textualis,,,
47787,129,47782.0,perg,,codex,,198-203,287-289,"Kienhorst (1988), p. 15.",,,,"[rubrication, initial]",,none,,248,160,,3,60-61,unknown,,textualis,,,
47794,129,47790.0,perg,,codex,,300,159,"Kienhorst (1988), p. 220.",,,,[rubrication],,none,,,,,3,,,,textualis,,,
47799,129,47796.0,perg,,codex,,33,159,Kienhorst (https://www.dbnl.org/tekst/_tij003199801_01/_tij003199801_01_0009.php),,,,[no decoration],,none,,,,,,,,,textualis,,,
47902,129,47899.0,perg,,codex,,NA,NA,NA,,,,[unknown],,unknown,,,,,,,,,unknown,,,
47908,129,47904.0,perg,,codex,,142,216-218,"Kienhorst (1988), p. 17.",,,,[rubrication],,none,,,140-145,,2,,,,textualis,,,
47914,129,47910.0,perg,,codex,,175,264,"Kienhorst (1988), p. 20.",,,,[rubrication],,none,,223,144,,2,50-53,unknown,,textualis,,,
47928,129,47925.0,perg,,codex,,118,159-165,"Kienhorst (1988), p. 22.",,,,[rubrication],,none,,,,,2,32-36,unknown,,textualis,,,
47935,129,47930.0,perg,,codex,,136,200,"Kienhorst (1988), p. 27.",,220,,[rubrication],,none,,185,190,,3-4,,unknown,,textualis,,,
47940,129,47937.0,perg,,codex,,55,200,https://www.handschriftencensus.de/7569,,,,[unknown],,unknown,,175,40,,3,,,,unknown,,,
47945,129,47942.0,perg,,codex,,162,242,"Kienhorst (1988), p. 29.",,,,"[rubrication, initial, unrelated pictures]",,none,,,,,2,53,,,textualis,,,
47949,129,47946.0,perg,,codex,,160,230,"Kienhorst (1988), p. 30.",,,,[rubrication],,none,,,102-103,,2,,,,textualis,,,
47953,129,47950.0,perg,,codex,,200,290,"Kienhorst (1988), p. 31.",,,,[rubrication],,none,,230-235,151-154,,3,50,unknown,,textualis,,,
47966,129,47962.0,perg,,codex,,170-175,250,"Kienhorst (1988), p. 33.",,,,"[rubrication, initial]",,none,,201-206,138-143,,2,51-53,unknown,,textualis,,,
47971,129,47968.0,perg,,codex,,NA,NA,NA,,,,[unknown],,none,,,,,2,37,,,textualis,,,
47975,129,47972.0,perg,,codex,,180,260,"Kienhorst (1988), p. 36.",,,,[rubrication],,none,,,141,,2,,,,textualis,,,
47984,129,47981.0,perg,,codex,,NA,NA,"Kienhorst (1988), p. 40.",,,,[unknown],,none,,,,,3,62,,,textualis,,,
47989,129,47986.0,perg,,codex,,205,290,"Kienhorst (1988), p. 41.",,,,[rubrication],,none,,223,145,,2,44-45,unknown,,textualis,,,
47993,129,47990.0,perg,,codex,,105-109,231-245,"Kienhorst (1988), p. 43.",,,,[rubrication],,none,,212-217,,,2,42,unknown,,textualis,,,
47998,129,47995.0,perg,,codex,,170,250,"Kienhorst (1988), p. 47.",,,,[rubrication],,none,,,122-125,,2,,,,textualis,,,
48005,129,48000.0,perg,,codex,,174-178,260,"Kienhorst (1988), p. 49.",,,,[rubrication],,none,,210-215,144,,2,50,,,textualis,,,
48012,129,48009.0,perg,,codex,,260,370,"Kienhorst (1988), p. 53.",,,,"[unrelated pictures, initial, rubrication]",,one,,297,195,,3,60,unknown,,textualis,,,
48017,129,48014.0,perg,,codex,,160,210,"Kienhorst (1988), p. 57.",,,,[rubrication],,none,,,133,,2,,,,textualis,,,
48030,129,48026.0,perg,,codex,,105,153,"Kienhorst (1988), p. 61.",,,,[no decoration],,none,,122-124,80,,1,24,unknown,,textualis,,,
48039,129,48032.0,perg,,codex,,180-190,260,"Kienhorst (1988), p. 64.",,,,[rubrication],,none,,200-210,141-149,,2,46-50,unknown,,textualis,,,
48047,129,48044.0,chart,,codex,,205,289,"Kienhorst (1988), p. 66.",,,,[unknown],,unknown,,205,150,,2,36-43,unknown,,cursiva,,,
48053,129,48050.0,perg,,codex,,184,273,"Kienhorst (1988), p. 71.",,,,[rubrication],,none,,221-223,,,2,50,,,textualis,,,
48057,129,48054.0,perg,,codex,,225-230,320,"Kienhorst (1988), p. 72.",,,,"[rubrication, initial]",,none,,,200,,3,,,,textualis,,,
48061,129,48058.0,perg,,codex,,170-180,260,"Kienhorst (1988), p. 73.",,,,[no decoration],,none,,215,126,,2,50,unknown,,textualis,,,
48066,129,48063.0,perg,,codex,,170-180,260,"Kienhorst (1988), p. 74.",,,,[rubrication],,none,,215,138-140,,2,50,,,textualis,,,
48071,129,48068.0,perg,,codex,,172-173,236-238,"Kienhorst (1988), p. 76.",,,,[rubrication],,none,,177,139-140,,2,31,unknown,,textualis,,,
48076,129,48073.0,perg,,codex,,175,NA,"Kienhorst (1988), p. 78.",,,,[rubrication],,none,,,136,,2,,,,textualis,,,
48081,129,48078.0,perg,,codex,,200,300,"Kienhorst (1988), p. 88.",,,,[rubrication],,none,,234-235,160,,3,52,unknown,,textualis,,,
48092,129,48088.0,perg,,codex,,225,280-328,"Kienhorst (1988), p. 92.",,,,"[rubrication, initial]",,none,,277-284,164-165,,3,66,unknown,,textualis,,,
48096,129,48093.0,perg,,codex,,250,374-376,"Kienhorst (1988), p. 93.",,,,[rubrication],,none,,285-287,166-167,,3,65-66,unknown,,textualis,,,
48104,129,48098.0,perg,,codex,,272-274,380-391,"Kienhorst (1988), p. 95.",,,,[rubrication],,none,,295,195-196,,2,52,unknown,,textualis,,,
48113,129,48110.0,perg,,codex,,115-120,180,"Kienhorst (1988), p. 113.",,,,[rubrication],,none,,145,73,,1,30,unknown,,textualis,,,
48119,129,45381.0,perg,,codex,,205-210,293-298,"Kienhorst (1988), p. 120.",,,,[rubrication],,none,,210-212,138,,2,41,unknown,,textualis,,,
48125,129,48121.0,perg,,codex,,188,255,"Kienhorst (1988), p. 122.",,,,[rubrication],,none,,231-232,145,,2,46,unknown,,textualis,,,
48140,129,48127.0,perg,,codex,,291-296,385-388,"Kienhorst (1988), p. 116.",,,,"[rubrication, initial]",,none,,278-280,204-209,,3,60,unknown,,textualis,,,
48159,129,48154.0,perg,,codex,,192-195,280,"Kienhorst (1988), p. 125.",,,,[rubrication],,none,,,155,,2,,,,textualis,,,
48170,129,48166.0,perg,,codex,,240,340-350,"Kienhorst (1988), p. 140.",,,,"[rubrication, initial]",,none,,272-275,185-187,,3,55,unknown,,textualis,,,
48174,129,48171.0,perg,,codex,,196,280,"Kienhorst (1988), p. 141.",,,,[rubrication],,none,,205,131,,2,40,unknown,,textualis,,,
48178,129,48175.0,perg,,codex,,218-227,302-310,"Kienhorst (1988), p. 142.",,,,[rubrication],,none,,227-238,154-158,,3,56,unknown,,textualis,,,
48185,129,48182.0,perg,,codex,,185,260-270,"Kienhorst (1988), p. 144.",,,,"[rubrication, incomplete dec.]",,none,,220-223,145,,2,44,unknown,,textualis,,,
48190,129,48187.0,perg,,codex,,90,134-151,"Kienhorst (1988), p. 146.",,,,[rubrication],,none,,130-133,80,,1,36,unknown,,textualis,,,
48195,129,48191.0,perg,,codex,,180,250,"Kienhorst (1988), p. 151.",,,,[rubrication],,none,,,133-134,,2,48,unknown,,textualis,,,
48203,129,48198.0,perg,,codex,,165-170,240,"Kienhorst (1988), p. 154.",,,,[rubrication],,none,,190-195,124-125,,2,38,unknown,,textualis,,,
48212,129,48206.0,perg,,codex,,170-180,270,"Kienhorst (1988), p. 156.",,,,[rubrication],,none,,225,130-135,,2,50,unknown,,textualis,,,
48220,129,48215.0,perg,,codex,,230-235,345,"Kienhorst (1988), p. 158.",,,,"[rubrication, initial]",,more than one,,285,175-180,,2,45,unknown,,textualis,,,
48226,129,48223.0,perg,,codex,,160,230,"Kienhorst (1988), p. 160.",,,,[rubrication],,none,,190-192,119,,2,40,,,textualis,,,
48230,129,48227.0,perg,,codex,,180,250,"Kienhorst (1988), p. 161.",,,,[rubrication],,none,,190,125,,2,42,unknown,,textualis,,,
48235,129,48231.0,perg,,codex,,145-150,210,"Kienhorst (1988), p. 163.",,,,"[unrelated pictures, rubrication]",,none,,150,90,,1,30,unknown,,cursiva,,bastarda,
48244,129,48240.0,perg,,codex,,145-150,220,"Kienhorst (1988), p. 165.",,,,[rubrication],,none,,175,115,,2,46,unknown,,textualis,,,
48248,129,48245.0,perg,,codex,,190-200,272-275,"Kienhorst (1988), p. 166.",,,,[rubrication],,none,,230,139,,2,48,unknown,,textualis,,,
48253,129,48249.0,perg,,codex,,155,230,"Kienhorst (1988), p. 166.",,,,[rubrication],,none,,187,123,,2,39-40,unknown,,textualis,,,
48257,129,48254.0,perg,,codex,,106,79-84,"Kienhorst (1988), p. 167.",,,,[rubrication],,none,,,75-76,,1,34-36,unknown,,textualis,,,
48267,129,48261.0,perg,,codex,,200,288-291,"Kienhorst (1988), p. 169.",,,,"[rubrication, initial]",,none,,230,,,2,37,unknown,,textualis,,,
48275,129,48271.0,perg,,codex,,150,212,"Kienhorst (1988), p. 178",,,,[rubrication],,none,,170,120,,2,40,unknown,,textualis,,,
48281,129,48278.0,perg,,codex,,170,240,"Kienhorst (1988), p. 186.",,,,[rubrication],,none,,,131,,2,,unknown,,textualis,,,
48286,129,48283.0,chart,,codex,,204,277,"Kienhorst (1988), p. 188.",,,,[unknown],,unknown,,214,160,,2,51-52,unknown,,cursiva,,,
48292,129,48289.0,perg,,codex,,123,175,"Kienhorst (1988), p. 189.",,,,[rubrication],,none,,,78,,1,,unknown,,textualis,,,
48308,129,48305.0,perg,,codex,,170,250,"Kienhorst (1988), p. 225.",,,,[rubrication],,none,,190-195,125,,2,39-40,unknown,,textualis,,,
48314,129,48309.0,perg,,codex,,250,350-360,"Kienhorst (1988), p. 226.",,,,[rubrication],,none,,247-248,180,,3,56-57,unknown,,textualis,,,
48320,129,48317.0,perg,,codex,,130,185,"Kienhorst (1988), p. 228.",,,,[rubrication],,none,,150,110,,1,29-30,unknown,,textualis,,,
48326,129,48322.0,perg,,codex,,35-39,219,"Kienhorst (1988), p. 230.",,,,[rubrication],,none,,,,,2,50,,,textualis,,,
48331,129,48328.0,perg,,codex,,180,275-280,"Kienhorst (1988), p. 232.",,,,"[rubrication, incomplete dec.]",,none,,234-239,128,,2,50,unknown,,textualis,,,
48336,129,48333.0,perg,,codex,,175,240,"Kienhorst (1988), p. 233.",,,,[rubrication],,none,,,,,2,45,unknown,,textualis,,,
48341,129,48338.0,perg,,codex,,190,270,"Kienhorst (1988), p. 235.",,,,[rubrication],,none,,,135,,2,,unknown,,textualis,,,
48346,129,48343.0,perg,,codex,,165-170,240,"Kienhorst (1988), p. 237.",,,,"[rubrication, incomplete dec.]",,none,,,128,,2,,unknown,,textualis,,,
48352,129,48348.0,perg,,codex,,137,27-33,"Kienhorst (1988), p. 238.",,,,[rubrication],,none,,,,,2,,unknown,,textualis,,,
48358,129,48354.0,perg,,codex,,170,NA,"Kienhorst (1988), p. 240.",,,,[rubrication],,none,,,130,,2,,unknown,,textualis,,,
48363,129,48360.0,perg,,codex,,NA,NA,NA,,,,[unknown],,unknown,,,,,,,,,unknown,,,
48369,129,48365.0,perg,,codex,,230,340,"Kienhorst (1988), p. 90.",,,,[unknown],,unknown,,220,145-150,,2,41,unknown,,textualis,,,
48375,129,48372.0,perg,,codex,,NA,NA,NA,,,,[unknown],,unknown,,,,,,,,,unknown,,,
48379,129,48376.0,perg,,codex,,240,340,https://www.handschriftencensus.de/20069,,,,[unknown],,unknown,,277,204,,3,60,unknown,,textualis,,,
