H-ID,type_id,preferred_name,description,language_COLUMN,language_COLUMN TRM-ID,region H-ID,region_note,described_by_source H-ID,described_at_URL,reference_notes,review_status,review_status TRM-ID,review_note
46305,118,Vlaams,Dialect of Flanders.,[dum (Middle Dutch)],,,,,,,Open,,
46312,118,Brabants,Dialect of Brabant.,[dum (Middle Dutch)],,,,,,,Action required,,Add Brabantine.
46335,118,Nederfrankisch,Volkstalige dialecten gesproken tussen Maas en Nederrijn (Nederfrankisch),[dum (Middle Dutch)],,,,,,,Action required,,Add reference
47240,118,Limburgs,Dialect from the Middle Dutch region Limburg.,[dum (Middle Dutch)],,,,,,,Action required,,Add region? Add source?
47357,118,Hollands,Dialect from the north-western Dutch region.,[dum (Middle Dutch)],,,,,,,Action required,,Check description and name.
47503,118,Oost-Nederlands,"Dialect from the eastern part of the current Netherlands, surrounding the Rijn-area.",[dum (Middle Dutch)],,,,,,,Action required,,Description/source needed. Add region.
48048,118,Westfalen,German-Dutch dialect located at the middle west side of current Germany.,[dum (Middle Dutch)],,,,,[https://nl.wikipedia.org/wiki/Westfalen_(streek)],,Action required,,Dutch or German?
