H-ID,type_id,preferred_name,is_part_of_storyverse H-ID,alternative_names,matter,matter TRM-ID,is_modeled_on H-ID,described_by_source H-ID,described_at_URL,reference_notes,review_status,review_status TRM-ID,review_note
61,103,Aigar et Maurin,[15],,England,,,,,,Open,,
62,103,Ami et Amile,[52],,France,,,,,,Open,,
63,103,Geoffroi Grisegonelle??,,,,,,,,,,,
64,103,Geste de Liege,,,,,,,,,,,
65,103,Guerra d'Attila,,,,,,,,,,,
66,103,Gui de Tournant,[47703],,France,,,,,,Open,,
67,103,Hugues Capet,[47766],,France,,,,,,Open,,
68,103,Huon d'Auvergne,,,,,,,,,,,
69,103,Gormont et Isembart,[32],,,,,,,,,,
70,103,Raoul de Cambrai,[11],,France,,,,,,Open,,
71,103,Lion de Bourges,[47766],,France,,,,,,Open,,
72,103,Lohier et Malart,[47766],,France,,,,,,Open,,
73,103,Jourdain de Blaye,[52],,,,,,,,,,
74,103,Floovant,[33],,,,,,,,,,
75,103,Valentin et Orson,,,,,,,,,,,
76,103,Vengeance Rioul,,,,,,,,,,,
77,103,Venjance Nostre Seigneur,,,,,,,,,,,
78,103,Anseïs de Metz,[34],[Anseïs de Gascogne],France,,,,,,Open,,
79,103,Garin le Lorrain,[34],,,,,,,,,,
80,103,Gerbert de Metz,[34],,,,,,,,,,
81,103,Hervis de Metz,[34],,,,,,,,,,
82,103,Yon de Metz,[34],,,,,,,,,,
83,103,Aliscans,[38],,,,,,,,,,
84,103,Agolant,[54],,,,,,,,,,
85,103,Guillaume,[38],,,,,,,,,,
86,103,Enfances Garin de Monglane,[39],,,,,,,,,,
87,103,Garin de Monglane,[39],,,,,,,,,,
88,103,Charroi de Nimes,[40],,,,,,,,,,
89,103,Couronnement de Louis,[40],,,,,,,,,,
90,103,Enfances Guillaume,[40],,,,,,,,,,
91,103,Moniage Guillaume,[40],,France,,,,,,Open,,
92,103,Prise d' Orange,[40],,,,,,,,,,
94,103,Hernaut de Beaulande,[954],,France,,,,,,Open,,
95,103,Aspremont,[54],,,,,,,,,,
96,103,Fouque de Candie,[954],,France,,,,,,Open,,
97,103,Aimeri de Narbonne,[43],,,,,,,,,,
98,103,Aïmer le chétif,[43],,,,,,,,,,
99,103,Girart de Vienne,[43],,,,,,,,,,
100,103,Guibert d'Andrenas,[43],,,,,,,,,,
101,103,Mort Aimeri de Narbonne,[43],,,,,,,,,,
102,103,Narbonnais,[43],,,,,,,,,,
103,103,Prise de Cordres et de Sebille,[43],,,,,,,,,,
104,103,Siege de Barbastre,[43],,,,,,,,,,
105,103,Siege de Narbonne,[43],,,,,,,,,,
106,103,Roi Vivien,[5],,,,,,,,,,
107,103,Simon de Pouille,[43],,,,,,,,,,
108,103,Bataille Loquifer,[36],,,,,,,,,,
109,103,Enfances Rainouart,[36],,,,,,,,,,
110,103,Enfances Renier,[36],,,,,,,,,,
111,103,Enfances Renier?,[36],,,,,,,,,,
112,103,Maillefer,[36],,,,,,,,,,
113,103,Moniage Rainouart,[36],,,,,,,,,,
114,103,Rainouart,[36],,,,,,,,,,
115,103,Rainouart et Aelis?,[36],,,,,,,,,,
116,103,Chevalerie Vivien,[44],,France,,,,,,Open,,
117,103,Entrée d’Espagne,[930],,,,,,,,,,
118,103,Enfances Vivien,[44],,,,,,,,,,
119,103,Vivien?,[44],,,,,,,,,,
120,103,Aie d'Avignon,[45],,,,,,,,,,
121,103,Doon de Nanteuil,[45],,,,,,,,,,
122,103,Gui de Nanteuil,[45],,,,,,,,,,
123,103,Parise la Duchesse,[45],,,,,,,,,,
124,103,Tristan de Nanteuil,[45],,,,,,,,,,
125,103,Unidentified epic,,,France,,,,,,Open,,
126,103,Chevalerie Ogier,[47],,,,,,,,,,
127,103,Delivrance d'Ogier le danois,[47],,,,,,,,,,
128,103,Ferragu de Nazze,[931],,,,,,,,,,
129,103,Enfances Ogier,[47],,,,,,,,,,
130,103,Meurvin,[47],,,,,,,,,,
131,103,Moniage Ogier,[47],,,,,,,,,,
132,103,Bueve d'Aigremont,[49],,,,,,,,,,
133,103,Fin de Maugis,[49],,,,,,,,,,
134,103,Mabrien,[49],,,,,,,,,,
135,103,Maugis d'Aigremont,[49],,,,,,,,,,
136,103,Renaut de Montauban,[49],,,,,,,,,,
137,103,Vivien de Monbranc,[49],,,,,,,,,,
138,103,Aiol,[50],,,,,,,,,,
139,103,Gui de Bourgogne,[930],,,,,,,,,,
140,103,Elie de Saint Gille,[50],,,,,,,,,,
141,103,Siege de Gerone?,[4],,,,,,,,,,
142,103,Siege de Milan?,[4],,,,,,,,,,
143,103,Synagon?,[4],,,,,,,,,,
144,103,Syracon,[4],,,,,,,,,,
145,103,Taillefer de Leon?,[4],,,,,,,,,,
146,103,Otinel / Otuel,[930],,,,,,,,,,
147,103,Prise de Nobles,[930],,,,,,,,,,
148,103,Bueve de Hanstonne,[37],,,,,,,,,,
149,103,Prise de Pampelune,[930],,,,,,,,,,
151,103,Mon Melian,[53],,,,,,,,,,
152,103,Unidentified carolingian epic,[952],,France,,,,,,Action required,,
153,103,Ospinel et Magdalie,[53],,,,,,,,,,
154,103,Raimbaud et Hamon,[53],,,,,,,,,,
155,103,Pélerinage de Charlemagne,[6],,,,,,,,,,
156,103,Balan,[7],,,,,,,,,,
157,103,Destruction de Rome,[7],,,,,,,,,,
158,103,Fierabras,[7],,,,,,,,,,
159,103,Daurel et Beton,[37],,,,,,,,,,
160,103,Richier,[53],,,,,,,,,,
162,103,Galien,[9],,,,,,,,,,
164,103,Anseïs de Carthage,[10],,,,,,,,,,
165,103,Gaidon,[10],,,,,,,,,,
166,103,Saxons,[10],,,,,,,,,,
167,103,Saxons?-Justamont?,[10],,,,,,,,,,
168,103,Trahison de Pépin le Bossu ??,[53],,,,,,,,,,
169,103,Landri le Timonnier,[954],,France,,,,,,Open,,
170,103,Horn,[15],,England,,,,,,Open,,
171,103,Aquin,[11],,,,,,,,,,
172,103,Jehan de Lanson,[11],,,,,,,,,,
173,103,Aquilon de Bavière,[47703],,France,,,,,,Action required,,"See if it can be attached to a more specific cycle. Also, it hybridises with Arthurian matter, and need a secondary storyverse attach"
174,103,Berte au grand pied,[12],,,,,,,,,,
175,103,Charlemagne,[12],,,,,,,,,,
177,103,Mainet,[12],,,,,,,,,,
178,103,Morant et Galienne,[12],[Enfances Charlemagne?],France,,,,,"[Herbin Jean-Charles, Falmagne Thomas. Fragments d’une chanson de geste perdue (Les Enfances Charlemagne?). In: Romania, tome 130 n°519-520, 2012. pp. 473-492. DOI : https://doi.org/10.3406/roma.2012.7380]",Open,,
179,103,Mort Charlemagne,[12],,,,,,,,,,
180,103,Reine Sébile,[47766],,France,,,,,,Action required,,perhaps also cycle: Vie de Charlemagne
181,103,Gui de Warwick,[15],,,,,,,,,,
182,103,Charles Martel,[13],,,,,,,,,,
183,103,Orson de Beauvais,[13],,,,,,,,,,
184,103,Antioche,[19],,,,,,,,,,
185,103,Chetifs,[19],,,,,,,,,,
189,103,Chevalier au Cygne,[21],,,,,,,,,,
190,103,Enfances Godefroi,[21],,,,,,,,,,
191,103,Enfants Cygnes?,[21],,,,,,,,,,
192,103,Arnaïs d'Orléans,[48],,,,,,,,,,
193,103,Godefroi de Bouillon,[21],,,,,,,,,,
194,103,Naissance chevalier au cygne,[21],,,,,,,,,,
195,103,Bâtard de Bouillon,[22],,,,,,,,,,
196,103,Baudouin de Flandres,[22],,,,,,,,,,
197,103,Baudouin de Sebourc,[22],,,,,,,,,,
198,103,Hugues de Tabarie,[22],,,,,,,,,,
199,103,Saladin,[22],,,,,,,,,,
200,103,Crosada,[16],,,,,,,,,,
202,103,Las Navas,[17],,,,,,,,,,
203,103,Sansonnet,[48],,,,,,,,,,
204,103,San Gili,[933],,,,,,,,,,
205,103,Siege d'Antioche et de Jerusalem,[14],[Récit de la première croisade fondé sur Baudri de Bourgueil],France,,,,,,Open,,
206,103,Charles le Chauve,[23],,,,,,,,,,
207,103,Ciperis de Vignevaux,[23],,,,,,,,,,
208,103,Florence de Rome,[23],,,,,,,,,,
209,103,Florent et Octavian,[23],,,,,,,,,,
210,103,Theseus de Cologne,[23],,,,,,,,,,
211,103,Doon de Mayence,[24],,,,,,,,,,
212,103,Enfances Doon de Maience,[24],,,,,,,,,,
213,103,Gaufrey,[24],,,,,,,,,,
214,103,Auberi le Bourgoing,[51],,,,,,,,,,
215,103,Geste d'Aquitaine?,[4],,,,,,,,,,
216,103,Enfances Girart de Roussillon,[25],,,,,,,,,,
217,103,Girart de Fraite,[25],,,,,,,,,,
218,103,Girart de Roussillon,[25],,,,,,,,,,
219,103,Girbert...,[4],,,,,,,,,,
220,103,Auberon,[27],,France,,,,,,Open,,
221,103,Clarisse et Florent,[27],,France,,,,,,Open,,
222,103,Croissant,[27],,France,,,,,,Open,,
223,103,Huon de Bordeaux,[27],,France,,,,,,Open,,
224,103,Esclarmonde,[27],,France,,,,,,Open,,
225,103,Basin,[12],,France,,,,,,Open,,
226,103,Godin,[27],,France,,,,,,Open,,
227,103,Huon et les geants,[27],,France,,,,,,Open,,
228,103,Yde et Olive,[27],,France,,,,,,Open,,
229,103,Geste des Ducs Phelipe et Jehan de Bourgoigne,,,,,,,,,,,
230,103,Arles,[31],,,,,,,,,,
231,103,Audigier,,,,,,,,,,,
232,103,Belle Hélène de Constantinople,,,,,,,,,,,
233,103,Bertrand Du Guesclin,,,,,,,,,,,
234,103,Brun de la Montagne,,,,,,,,,,,
235,103,Doon de la Roche,,,,,,,,,,,
939,103,Enfances Roland,[8],,,,,,,,,,
940,103,Conquete de Jerusalem,[19],,,,,,,,,,
941,103,Roland,[9],,,,,,,,,,
942,103,Roland à Saragosse,[930],,,,,,,,,,
2347,103,Roman de Troie,[2348],,,,,,,,,,
44017,103,Fouke Fitz Warin,[15],,England,,,,,,Open,,
44133,103,Waldef,[15],,England,,,,[https://www.wikidata.org/wiki/Q117263735],,Open,,
46382,103,Þjalar-Jóns saga,,,Other,,,,,,Open,,
46393,103,Vilmundar saga viðutan,,,Other,,,,,,Open,,
48380,103,Tristan,[47709],,Britain,,,,,,Open,,
