H-ID,type_id,preferred_name,language_COLUMN,language_COLUMN TRM-ID,literary_form,literary_form TRM-ID,is_hypothetical,is_hypothetical TRM-ID,claim_freetext,alternative_names,is_expression_of H-ID,peripheral,peripheral TRM-ID,specific_genre H-ID,length,length_freetext,verse_type,verse_type TRM-ID,rhyme_type,rhyme_type TRM-ID,is_derived_from H-ID,nature_of_derivations,tradition_status,tradition_status TRM-ID,status_notes,in_stemma H-ID,has_lost_older_version,has_lost_older_version TRM-ID,ancient_translations_freetext,rewritings_freetext,note,regional_writing_style H-ID,scripta_freetext,date_of_creation,date_of_creation_TEMPORAL,date_of_creation_certainty,date_of_creation_certainty TRM-ID,date_of_creation_source,date_freetext,is_written_by H-ID,is_adapted_by H-ID,author_freetext,place_of_creation H-ID,place_of_creation_source,described_by_source H-ID,described_at_URL,reference_notes,review_status,review_status TRM-ID,review_note
46303,101,Floovent,dum (Middle Dutch),,verse,,No,,,,74.0,No,,46304.0,8000.0,,,,,,[647],,fragmentary,,,,unknown,,,,,46305.0,,"[1191-01-01 00:00:00, 1240-12-31 00:00:00]","{'start': {'earliest': '1191', 'profile': '2'}, 'end': {'latest': '1240', 'profile': '3'}, 'profile': '1', 'determination': '2', 'estMinDate': 1191, 'estMaxDate': 1240.1231}",2. Probable (33%-66%),,"Caers & Kestemont (2011), p. 16.",'ca. 1200 – ca. 1230',,,,,,,,[Refer to article Caers & Kestemont],Action required,,"Add reference, add location."
46316,101,Loyhier en Malaert,dum (Middle Dutch),,verse,,No,,,[Lohier ende Malaert],72.0,No,,46304.0,30000.0,,,,[full rhyme],,[766],,fragmentary,,,,unknown,,,,,,"""misschien Vlaanderen"" (Kienhorst 1988, 123 met verwijzing naar Van den Berg 1985, 22)","[1301-01-01 00:00:00, 1350-12-31 00:00:00]","{'start': {'earliest': '1301'}, 'end': {'latest': '1350'}, 'profile': '1', 'determination': '2', 'estMinDate': 1301, 'estMaxDate': 1350.1231}",3. Very likely (66%-99%),,"Caers & Kestemont 2011, 36-37","""eerste helft veertiende eeuw""",,,,,,,,,Open,,Link met Franse versie opnieuw te bekijken...
46322,101,Roelantslied,dum (Middle Dutch),,verse,,No,,,,941.0,No,,46304.0,5250.0,,,,[full rhyme],,[690],,fragmentary,,,,No,,,,,46305.0,,"[1191-01-01 00:00:00, 1240-12-31 00:00:00]","{'start': {'earliest': '1191'}, 'end': {'latest': '1240'}, 'profile': '1', 'determination': '2', 'estMinDate': 1191, 'estMaxDate': 1240.1231}",2. Probable (33%-66%),,"Caers & Kestemont (2011), p. 17.",'ca. 1200 – ca. 1230',,,,,,,,[Add Caers & Kestemont (2011) and Verbraeken (2023)],Action required,,Add references.
46323,101,Karel ende Elegast,dum (Middle Dutch),,verse,,No,,,,225.0,No,,46304.0,1472.0,,,,[full rhyme],,,the dependence on Basin is contested,fragmentary,,only manuscript fragments exist; the complete text was printed,,No,,,,,46305.0,,"[1216-01-01 00:00:00, 1260-12-31 00:00:00]","{'start': {'earliest': '1216'}, 'end': {'latest': '1260'}, 'profile': '1', 'determination': '2', 'estMinDate': 1216, 'estMaxDate': 1260.1231}",2. Probable (33%-66%),,"Caers & Kestemont 2011, p. 19","""Ca. 1225 - ca. 1250""",,,,,,,,[Add Caers & Kestemont (2011) and Verbraeken (2023)],Action required,,add references
46333,101,Limburgse Aiol,dum (Middle Dutch),,verse,,No,,,[Aiol (1)],138.0,No,,46304.0,10000.0,,[iambic],,[full rhyme],,[46352],,fragmentary,,,,No,,,,,46335.0,,"[1171-01-01 00:00:00, 1220-12-31 00:00:00]","{'start': {'earliest': '1171'}, 'end': {'latest': '1220'}, 'profile': '1', 'determination': '2', 'estMinDate': 1171, 'estMaxDate': 1220.1231}",3. Very likely (66%-99%),,"Caers & Kestemont 2011, p. 13-14","""omstreeks de eeuwwisseling, enkele decennia na het ontstaan van de Oudfranse bron rond 1160""",,,,,,,,,Open,,
46392,101,Vlaamse Aiol,dum (Middle Dutch),,verse,,No,,,[Aiol (2)],138.0,No,,46304.0,5000.0,"Estimate bij Van der Have (2005), p. 80: '""ruim 5000 verzen'",,,[full rhyme],,[46352],,fragmentary,,,,No,,,,,46305.0,"Localisation by Caers (2011), p. 225","[1201-01-01 00:00:00, 1275-12-31 00:00:00]","{'start': {'earliest': '1201'}, 'end': {'latest': '1275'}, 'profile': '1', 'determination': '2', 'estMinDate': 1201, 'estMaxDate': 1275.1231}",2. Probable (33%-66%),,"Caers & Kestemont (2011), p. 19","""ca. 1225 - ca. 1250""",,,,,,,,,Action required,,Add reference
47283,101,Ogier van Denemarken,dum (Middle Dutch),,verse,,No,,,,,No,,46304.0,23700.0,"'Ik heb lang getwijfeld om in mijn berekening de opsplitsing tussen Ogier I en Ogier II ook te maken
maar ik heb uiteindelijk, net als Van der Have, beslist om dit niet te doen. In mijn berekening schat ik
Ogier van Denemarken op ten minste 23.700 verzen.' Verbraeken 2023, p. 44.",,,[full rhyme],,[721],,fragmentary,,,,No,,,,,46305.0,,"[1235-01-01 00:00:00, 1375-12-31 00:00:00]","{'start': {'earliest': '1235'}, 'end': {'latest': '1375'}, 'profile': '1', 'determination': '2', 'estMinDate': 1235, 'estMaxDate': 1375.1231}",3. Very likely (66%-99%),,"Caers & Kestemont (2011), p. 40.",'Op deze manier zou Ogiers kintshede omstreeks 1260-1270 geschreven kunnen zijn en de olthede rond de eeuwwisseling (of nog later).',,,,,,,,,Action required,,"References, check source."
47293,101,Renout van Montalbaen,dum (Middle Dutch),,verse,,No,,,,,No,,46304.0,15000.0,,,,[full rhyme],,,,fragmentary,,,,No,,,,,46305.0,,"[1176-01-01 00:00:00, 1255-12-31 00:00:00]","{'start': {'earliest': '1176'}, 'end': {'latest': '1255'}, 'profile': '1', 'determination': '2', 'estMinDate': 1176, 'estMaxDate': 1255.1231}",3. Very likely (66%-99%),,"Caers & Kestemont (2011), p. 16.",'ca. 1200 – ca. 1230',,,,,,,,,Action required,,"Add ref, add source."
47334,101,Van den bere Wisselau,dum (Middle Dutch),,verse,,No,,,,,No,,46304.0,2500.0,,,,[full rhyme],,,,fragmentary,,,,No,,,,,46312.0,,"[1101-01-01 00:00:00, 1280-12-31 00:00:00]","{'start': {'earliest': '1101'}, 'end': {'latest': '1280'}, 'profile': '1', 'determination': '2', 'estMinDate': 1101, 'estMaxDate': 1280.1231}",3. Very likely (66%-99%),,"Caers & Kestemont (2011), p. 14-15.","'Men gaat er kennelijk van uit dat de Wisselau een van de oudste restanten van de Middelnederlandse epiek is, mogelijk nog ouder dan Veldeke (Sleiderink, 2003, p. 33 e.v.).' ... 'Voorwinden situeert de tekst in de dertiende eeuw, maar – uiteraard – vóór de opschriftstelling van het enig bekende handschrift tussen 1260 en 1280.'",,,,,,,,,Action required,,Add tradition? Add sources.
47341,101,Garijn van Montglavie,dum (Middle Dutch),,verse,,No,,,,,No,,46304.0,15000.0,,,,[full rhyme],,[651],,fragmentary,,,,No,,,,,,,"[1101-01-01 00:00:00, 1335-12-31 00:00:00]","{'start': {'earliest': '1101'}, 'end': {'latest': '1335'}, 'profile': '1', 'estMinDate': 1101, 'estMaxDate': 1335.1231}",2. Probable (33%-66%),,"Kienhorst (1988), p. 59
Caers & Kestemont (2011), p. 38.",'Garijn van Montglavie is vooralsnog niet uitgegeven en nauwelijks bestudeerd.',,,,,,,,,Open,,Add ref. Change date?
47349,101,Gwidekijn van Sassen,dum (Middle Dutch),,verse,,No,,,,,No,,46304.0,5000.0,,,,[full rhyme],,[752],,fragmentary,,,,No,,,,,,,"[1101-01-01 00:00:00, 1380-12-31 00:00:00]","{'start': {'earliest': '1101'}, 'end': {'latest': '1380'}, 'profile': '2', 'estMinDate': 1101, 'estMaxDate': 1380.1231}",2. Probable (33%-66%),,"Klein (1995), p. 15.
Caers & Kestemont (2011), p. 39.",'Gefundeerde uitspraken over de datering van deze tekst(en?) zijn moeilijk te vinden.',,,,,,,,,Action required,,Add ref. Discuss date and place.
47369,101,Roman van Limborch,dum (Middle Dutch),,verse,,No,,,,,No,,47474.0,23016.0,Length is the average of the two complete manuscripts.,,,[full rhyme],,,,surviving,,,,No,,,,,46312.0,,"[1276-01-01 00:00:00, 1375-12-31 00:00:00]","{'start': {'earliest': '1276'}, 'end': {'latest': '1375'}, 'profile': '1', 'determination': '2', 'estMinDate': 1276, 'estMaxDate': 1375.1231}",2. Probable (33%-66%),,"Caers & Kestemont (2011), p. 31.",'ca. 1300 – ca. 1350',[47373],,,,,[47483],[https://middelnederlands.be/limborch/],,Action required,,Change ref?
47473,101,Alexanders geesten,dum (Middle Dutch),,verse,,No,,,,,No,,47474.0,14300.0,,,,[full rhyme],,,,surviving,,,,No,,,,,47357.0,,"[1257-01-01 00:00:00, 1261-12-31 00:00:00]","{'start': {'earliest': '1257'}, 'end': {'latest': '1261'}, 'profile': '1', 'determination': '2', 'estMinDate': 1257, 'estMaxDate': 1261.1231}",3. Very likely (66%-99%),,"Caers & Kestemont (2011), p. 22.",'Deze tekst moet daarom geschreven zijn tussen 1257 (het ontstaan van het geschil) en 1261 (de dood van de Brabantse hertog die scheids- rechter was).',[47475],,,,,,[https://www.literatuurgeschiedenis.org/teksten/alexanders-geesten],,Open,,"Add Latin source (Alexandreis), check page Maerlant."
47517,101,Tristan,dum (Middle Dutch),,verse,,No,,,,,No,,47474.0,10000.0,"'Met 158
Middelnederlandse verzen corresponderen 298 Franse, een verhouding van 0,53. Ik schat dus de
totale lengte van de Middelnederlandse Tristan in op ongeveer 10.000 verzen.' Verbraeken (2023), p. 50.",,,[full rhyme],,,,fragmentary,,,,No,,,,,47503.0,,"[1101-01-01 00:00:00, 1200-12-31 00:00:00]","{'start': {'earliest': '1101'}, 'end': {'latest': '1200'}, 'profile': '2', 'determination': '2', 'estMinDate': 1101, 'estMaxDate': 1200.1231}",2. Probable (33%-66%),,"Caers & Kestemont (2011), p. 13.",'< 1200'.,,,,,,[47483],[https://www.literatuurgeschiedenis.org/middeleeuwen/middeleeuwse-liefdesliteratuur],,Action required,,Add French source. Better descriptive page.
47529,101,Barlaam en Josaphat,dum (Middle Dutch),,verse,,No,,,,,No,,47474.0,16000.0,,,,[full rhyme],,,,fragmentary,,,,No,,,,,46305.0,,"[1276-01-01 00:00:00, 1325-12-31 00:00:00]","{'start': {'earliest': '1276'}, 'end': {'latest': '1325'}, 'profile': '1', 'determination': '2', 'estMinDate': 1276, 'estMaxDate': 1325.1231}",3. Very likely (66%-99%),,"Caers & Kestemont 2011, p. 40.","'Volgens hem gaat het om een uitgebreidere bewerking, die ca. 1300 in Vlaanderen werd geschreven (Heeroma, 1958, p. 97-98).'",,,,,,[47485],,,Action required,,Add Latin source.
47539,101,Boudewijn van Seborch,dum (Middle Dutch),,verse,,No,,,,197.0,No,,47474.0,26000.0,,,,,,[599],,fragmentary,,,,No,,,,,46305.0,,"[1276-01-01 00:00:00, 1375-12-31 00:00:00]","{'start': {'earliest': '1276'}, 'end': {'latest': '1375'}, 'profile': '1', 'determination': '2', 'estMinDate': 1276, 'estMaxDate': 1375.1231}",3. Very likely (66%-99%),,"Caers & Kestemont (2011), p. 36.",'Een cluster in de eerste helft Van de Veertiende eeuw',,,,,,[47485],,,Action required,,Add online source.
47548,101,Floris ende Blancefloer,dum (Middle Dutch),,verse,,No,,,,,No,,47474.0,3973.0,,,,[full rhyme],,,,surviving,,,,No,,,,,46305.0,,"[1226-01-01 00:00:00, 1325-12-31 00:00:00]","{'start': {'earliest': '1226'}, 'end': {'latest': '1325'}, 'profile': '1', 'determination': '2', 'estMinDate': 1226, 'estMaxDate': 1325.1231}",3. Very likely (66%-99%),,"Caers & Kestemont (2011), p. 23.",'Medio en tweede helft dertiende eeuw',[47549],,,,,[47485],[https://www.literatuurgeschiedenis.org/teksten/floris-ende-blancefloer],,Action required,,Add story and source.
47562,101,Madelgijs,dum (Middle Dutch),,verse,,No,,,"[Malegijs, Maeldegijs]",,No,,46304.0,40000.0,,,,[full rhyme],,,,fragmentary,,,,No,,,,,46305.0,,"[1276-01-01 00:00:00, 1375-12-31 00:00:00]","{'start': {'earliest': '1276'}, 'end': {'latest': '1375'}, 'profile': '1', 'determination': '2', 'estMinDate': 1276, 'estMaxDate': 1375.1231}",2. Probable (33%-66%),,"Caers & Kestemont (2011), p. 31.",'ca. 1300 – ca. 1350',,,,,,[47485],[https://www.dbnl.org/tekst/berg006epis01_01/berg006epis01_01_0008.php],,Action required,,Add source and story. Different url?
47635,101,Historie van Troyen,dum (Middle Dutch),,verse,,No,,,,2347.0,No,,47474.0,40881.0,,,,[full rhyme],,,,surviving,,,,No,,,,,47357.0,'Holland/Zeeland',"[1259-01-01 00:00:00, 1325-12-31 00:00:00]","{'start': {'earliest': '1259'}, 'end': {'latest': '1325'}, 'profile': '1', 'determination': '2', 'estMinDate': 1259, 'estMaxDate': 1325.1231}",3. Very likely (66%-99%),,"Caers & Kestemont (2011), p. 22.",'De Historie van Troyen werd alleszins na deze werken geschreven want in de proloog van zijn Troje-geschiedenis vermeldt Maerlant dat hij reeds een merlyn en een allexander heeft gedicht.',[47475],,,,,"[47482, 47485]",[https://www.literatuurgeschiedenis.org/schrijvers/jacob-van-maerlant],,Action required,,Check.
47745,101,Valentijn en Nameloos,dum (Middle Dutch),,verse,,No,,,,,No,,47474.0,7000.0,,,,,,,,fragmentary,,,,No,,,,,46305.0,,"[1301-01-01 00:00:00, 1400-12-31 00:00:00]","{'start': {'earliest': '1301'}, 'end': {'latest': '1400'}, 'profile': '3', 'determination': '2', 'estMinDate': 1301, 'estMaxDate': 1400.1231}",2. Probable (33%-66%),,"Caers & Kestemont (2011), p. 39.","'Volgens Van den Bergs versanalyse moet de tekst stammen uit de veertiende eeuw (1987, p. 35).'",,,,,,[47482],[https://www.handschriftencensus.de/werke/2144],,Action required,,Check.
47755,101,Borchgravinne van Vergi (1),dum (Middle Dutch),,verse,,No,,,[Brabantse Vergi],,No,,47474.0,1127.0,,,,[full rhyme],,,,surviving,,,,No,,,,,46312.0,,"[1315-01-01 00:00:00, 1315-01-01 00:00:00]","{'timestamp': {'in': '1315', 'type': 's'}, 'determination': '1', 'estMinDate': 1315, 'estMaxDate': 1315}",3. Very likely (66%-99%),,"Caers & Kestemont (2011), p. 31.","'Hoewel dit jaartal niet door het rijm is beschermd, is er vooralsnog geen reden om aan de juistheid ervan te twijfelen.'",,,,,,"[47485, 47482, 47484, 47483]",[https://www.arlima.net/ad/borchgravinne_van_vergi.html],,Action required,,Check.
47759,101,Borchgravinne van Vergi (2),dum (Middle Dutch),,verse,,No,,,[Vlaamse Vergi],,No,,47474.0,700.0,,,,[full rhyme],,,,fragmentary,,,,No,,,,,46305.0,,"[1276-01-01 00:00:00, 1375-12-31 00:00:00]","{'start': {'earliest': '1276'}, 'end': {'latest': '1375'}, 'profile': '1', 'determination': '2', 'estMinDate': 1276, 'estMaxDate': 1375.1231}",3. Very likely (66%-99%),,"Caers & Kestemont (2011), p. 31.",'ca. 1300 – ca. 1350)',,,,,,"[47485, 47482, 47484, 47483]",[https://www.arlima.net/ad/borchgravinne_van_vergi.html],,Action required,,Check.
47767,101,Roman van Walewein,dum (Middle Dutch),,verse,,No,,,,,No,,47768.0,11198.0,,,,[full rhyme],,,,surviving,,,,No,,,,,46305.0,,"[1201-01-01 00:00:00, 1300-12-31 00:00:00]","{'start': {'earliest': '1201'}, 'end': {'latest': '1300'}, 'profile': '1', 'determination': '2', 'estMinDate': 1201, 'estMaxDate': 1300.1231}",2. Probable (33%-66%),,"Caers & Kestemont (2011), p. 27.",'Medio dertiende eeuw',"[47769, 47770]",,,,,"[47485, 47482, 47484, 47483]",[https://www.literatuurgeschiedenis.org/teksten/roman-van-walewein],,Action required,,Check authors.
47780,101,Walewein ende Keye,dum (Middle Dutch),,verse,,No,,,,,No,,47768.0,3667.0,,,,[full rhyme],,,,surviving,,,,No,,,,,46305.0,,"[1201-01-01 00:00:00, 1300-12-31 00:00:00]","{'start': {'earliest': '1201'}, 'end': {'latest': '1300'}, 'profile': '1', 'determination': '2', 'estMinDate': 1201, 'estMaxDate': 1300.1231}",2. Probable (33%-66%),,"Caers & Kestemont (2011), p. 27.",'Medio dertiende eeuw',,,,,,"[47485, 47482, 47484, 47483]",,,Action required,,Find url?
47788,101,Willem van Oringen I,dum (Middle Dutch),,verse,,No,,,,,No,,46304.0,50000.0,,,,[full rhyme],,[744],,fragmentary,,,,No,,,,,47357.0,'Holland/Zeeland',"[1201-01-01 00:00:00, 1325-12-31 00:00:00]","{'start': {'earliest': '1201'}, 'end': {'latest': '1325'}, 'profile': '3', 'determination': '2', 'estMinDate': 1201, 'estMaxDate': 1325.1231}",2. Probable (33%-66%),,"Caers & Kestemont (2011), p.",'Medio en tweede helft dertiende eeuw',[47789],,,,,"[47485, 47482, 47484, 47483]",[https://lib.ugent.be/catalog/rug01:000990047],,Action required,,Check.
47795,101,Willem van Oringen II,dum (Middle Dutch),,verse,,No,,,,91.0,No,,46304.0,5000.0,,,,[full rhyme],,,,fragmentary,,,,No,,,,,46305.0,,"[1201-01-01 00:00:00, 1400-12-31 00:00:00]","{'start': {'earliest': '1201'}, 'end': {'latest': '1400'}, 'profile': '3', 'determination': '2', 'estMinDate': 1201, 'estMaxDate': 1400.1231}",3. Very likely (66%-99%),,,,,,,,,[47485],[https://www.dbnl.org/tekst/_tij003199801_01/_tij003199801_01_0009.php],,Action required,,Ask which Guillaume
47896,101,Arturs doet,dum (Middle Dutch),,verse,,No,,,,,No,,47768.0,13055.0,,,,[full rhyme],,,,surviving,,,,No,,,,,46305.0,,"[1256-01-01 00:00:00, 1305-12-31 00:00:00]","{'start': {'earliest': '1256'}, 'end': {'latest': '1305'}, 'profile': '1', 'determination': '2', 'estMinDate': 1256, 'estMaxDate': 1305.1231}",3. Very likely (66%-99%),,"Caers & Kestemont (2011), p. 29.",'ca. 1280',,,,,,"[47485, 47482, 47484, 47483]",[https://www.kb.nl/ontdekken-bewonderen/topstukken/lancelotcompilatie],,Action required,,Check.
47903,101,Aubri de Borgengoen,dum (Middle Dutch),,verse,,No,,,,214.0,No,,47474.0,30000.0,,,,[full rhyme],,[597],,fragmentary,,,,No,,,,,46305.0,,"[1276-01-01 00:00:00, 1425-12-31 00:00:00]","{'start': {'earliest': '1276'}, 'end': {'latest': '1425'}, 'profile': '1', 'determination': '2', 'estMinDate': 1276, 'estMaxDate': 1425.1231}",2. Probable (33%-66%),,"Caers & Kestemont (2011), p. 38.","'Van den Bergh vermoedde dat Aubri de Borgengoen in de veertiende eeuw moet worden gesitueerd maar zijn vermoeden blijft onbeargumenteerd (1852, p. 128).'",,,,,,"[47485, 47482, 47484, 47483]",[https://www.handschriftencensus.de/20269],,Action required,,Check.
47909,101,Beerte metten breden voeten,dum (Middle Dutch),,verse,,No,,,,174.0,No,,47474.0,8000.0,,,,[full rhyme],,[602],,fragmentary,,,,No,,,,,47357.0,,"[1276-01-01 00:00:00, 1375-12-31 00:00:00]","{'start': {'earliest': '1276'}, 'end': {'latest': '1375'}, 'profile': '1', 'determination': '2', 'estMinDate': 1276, 'estMaxDate': 1375.1231}",2. Probable (33%-66%),,"Caers & Kestemont (2011), p. 31.",'ca. 1300 – ca. 1350',,,,,,"[47485, 47482, 47484, 47483]","[https://opac.kbr.be/Library/search.aspx?SC=KBR_UNIFIED&QUERY=beerte&_lg=nl-BE#/Detail/(query:(Id:'position:%20SOLR/DEFA-000001_OFFSET_0',Index:1,NBResults:185,PageRange:3,SearchQuery:(FacetFilter:%7B%7D,ForceSearch:!f,InitialSearch:!f,Page:0,PageRange:3,QueryGuid:'26e29623-1165-429a-a506-55b05b97d50e',QueryString:beerte,ResultSize:50,ScenarioCode:KBR_UNIFIED,ScenarioDisplayMode:display-standard,SearchGridFieldsShownOnResultsDTO:!(),SearchLabel:'',SearchTerms:beerte,SessionGuid:'4161f008-cab8-45a4-8b97-9526f994f545',SortField:!n,SortOrder:0,TemplateParams:(Scenario:'',Scope:Library,Size:!n,Source:'',Support:'',UseCompact:!f),UseSpellChecking:!n)))]",,Action required,,Check.
47924,101,Boeve van Hamtone,dum (Middle Dutch),,verse,,No,,,,148.0,No,,47474.0,16000.0,,,,[full rhyme],,[607],,fragmentary,,,,No,,,,,46305.0,,"[1201-01-01 00:00:00, 1275-12-31 00:00:00]","{'start': {'earliest': '1201'}, 'end': {'latest': '1275'}, 'profile': '1', 'determination': '2', 'estMinDate': 1201, 'estMaxDate': 1275.1231}",3. Very likely (66%-99%),,"Caers & Kestemont (2011), p. 21.",'Een datering in het tweede kwart van de dertiende eeuw ligt voor de hand.',,,,,,"[47485, 47482, 47484, 47483]",[https://www.arlima.net/ad/beuve_de_hantone.html],,Action required,,Different url?
47929,101,Roman van Caesar,dum (Middle Dutch),,verse,,No,,,,,No,,47474.0,10000.0,,,,[full rhyme],,,,fragmentary,,,,No,,,,,,,"[1176-01-01 00:00:00, 1325-12-31 00:00:00]","{'start': {'earliest': '1176'}, 'end': {'latest': '1325'}, 'profile': '1', 'determination': '2', 'estMinDate': 1176, 'estMaxDate': 1325.1231}",3. Very likely (66%-99%),,"Caers & Kestemont (2011), p. 38.",'Waarschijnlijk hebben we dus met een nog dertiende-eeuwse roman te maken.',,,,,,"[47485, 47482, 47484, 47483]",[https://www.handschriftencensus.de/werke/1859],,Action required,,Check.
47941,101,Roman van Cassamus,dum (Middle Dutch),,verse,,No,,,,,No,,47474.0,1890.0,,,,[full rhyme],,,,surviving,,,,No,,,,,46312.0,,"[1276-01-01 00:00:00, 1375-12-31 00:00:00]","{'start': {'earliest': '1276'}, 'end': {'latest': '1375'}, 'profile': '1', 'determination': '2', 'estMinDate': 1276, 'estMaxDate': 1375.1231}",2. Probable (33%-66%),,"Caers & Kestemont (2011), p. 31.",'ca. 1300 – ca. 1350',,,,,,"[47485, 47482, 47484, 47483]",[https://www.arlima.net/ad/cassamus_roman_van.html],,Action required,,Check.
47960,101,Borchgrave van Couchi,dum (Middle Dutch),,verse,,No,,,,,No,,47474.0,9000.0,,,,[full rhyme],,,,fragmentary,,,,No,,,,,46305.0,,"[1276-01-01 00:00:00, 1375-12-31 00:00:00]","{'start': {'earliest': '1276'}, 'end': {'latest': '1375'}, 'profile': '1', 'determination': '2', 'estMinDate': 1276, 'estMaxDate': 1375.1231}",3. Very likely (66%-99%),,"Caers & Kestemont (2011), p. 36.",'een cluster in de eerste helft Van de Veertiende eeuw',,,,,,"[47485, 47482, 47484, 47483]",[https://digitalcollections.universiteitleiden.nl/view/item/376816?solr_nav%5Bid%5D=97d35613ab1ced1a85ae&solr_nav%5Bpage%5D=0&solr_nav%5Boffset%5D=0#page/1/mode/1up],,Action required,,Check.
47977,101,Ferguut,dum (Middle Dutch),,verse,,No,,,,,No,,47768.0,5604.0,,,,[full rhyme],,,,surviving,,,,No,,,,,46305.0,,"[1176-01-01 00:00:00, 1275-12-31 00:00:00]","{'start': {'earliest': '1176'}, 'end': {'latest': '1275'}, 'profile': '1', 'determination': '2', 'estMinDate': 1176, 'estMaxDate': 1275.1231}",2. Probable (33%-66%),,"Caers & Kestemont (2011), p. 14.",'< 1250',,,,,,"[47485, 47482, 47484, 47483]",[https://www.literatuurgeschiedenis.org/teksten/ferguut],,Action required,,Check (now as 1 text)
47980,101,Fierabras,dum (Middle Dutch),,verse,,No,,,,158.0,No,,46304.0,5000.0,,,,[full rhyme],,,,fragmentary,,,,No,,,,,,,"[1276-01-01 00:00:00, 1325-12-31 00:00:00]","{'start': {'earliest': '1276'}, 'end': {'latest': '1325'}, 'profile': '1', 'determination': '2', 'estMinDate': 1276, 'estMaxDate': 1325.1231}",3. Very likely (66%-99%),,"Caers & Kestemont (2011), p. 39.","'Als de Fierabras met deze ontwikkelingen samenhangt, pleit dit voor een datering omstreeks 1300 (mogelijk kort daarvoor).'",,,,,,"[47485, 47482, 47484, 47483]",[https://www.arlima.net/eh/fierabras.html],,Action required,,Better url?
47985,101,Flandrijs,dum (Middle Dutch),,verse,,No,,,,,No,,,5760.0,,,,[full rhyme],,,,fragmentary,,,,No,,,,,46305.0,,"[1216-01-01 00:00:00, 1325-12-31 00:00:00]","{'start': {'earliest': '1216'}, 'end': {'latest': '1325'}, 'profile': '1', 'determination': '2', 'estMinDate': 1216, 'estMaxDate': 1325.1231}",2. Probable (33%-66%),,"Caers & Kestemont (2011), p. 23.",'Medio en tweede helft dertiende eeuw',,,,,,"[47485, 47482, 47484, 47483]",,,Action required,,Add story/url
47994,101,Florent ende Durant,dum (Middle Dutch),,verse,,No,,,,209.0,No,,47474.0,18575.0,,,,[full rhyme],,,,fragmentary,,,,No,,,,,46305.0,,"[1301-01-01 00:00:00, 1375-12-31 00:00:00]","{'start': {'earliest': '1301'}, 'end': {'latest': '1375'}, 'profile': '1', 'determination': '2', 'estMinDate': 1301, 'estMaxDate': 1375.1231}",2. Probable (33%-66%),,"Caers & Kestemont (2011), p. 38.","'Gorissen dateert de roman in het tweede kwart van de veertiende eeuw, tussen de datering van de fragmenten in het midden van de veertiende eeuw en de Oudfranse bron die in de eerste helft van de veertiende eeuw ontstond'",,,,,,"[47485, 47482, 47484, 47483]",[https://www.arlima.net/eh/florent_et_octavien.html],,Action required,,Better url?
47999,101,Florigout,dum (Middle Dutch),,verse,,No,,,,,No,,47474.0,8000.0,,,,[full rhyme],,,,fragmentary,,,,No,,,,,46305.0,,"[1276-01-01 00:00:00, 1375-12-31 00:00:00]","{'start': {'earliest': '1276'}, 'end': {'latest': '1375'}, 'profile': '1', 'determination': '2', 'estMinDate': 1276, 'estMaxDate': 1375.1231}",3. Very likely (66%-99%),,"Caers & Kestemont (2011), p. 36.",'een cluster in de eerste helft Van de Veertiende eeuw',,,,,,"[47485, 47482, 47484, 47483]",,,Action required,,Which story? No urls?
48008,101,Roman van Florimont,dum (Middle Dutch),,verse,,No,,,,,No,,47474.0,16000.0,,,,[full rhyme],,,,fragmentary,,,,No,,,,,46312.0,,"[1301-01-01 00:00:00, 1375-12-31 00:00:00]","{'start': {'earliest': '1301'}, 'end': {'latest': '1375'}, 'profile': '3', 'determination': '2', 'estMinDate': 1301, 'estMaxDate': 1375.1231}",3. Very likely (66%-99%),,"Caers & Kestemont (2011), p. 31.",'ca. 1300 – ca. 1350',,,,,,"[47485, 47482, 47484, 47483]",[https://www.arlima.net/ad/aimon_de_varennes.html],,Action required,,Which story? + add source Florimont
48013,101,Floyris ende Blantseflur,dum (Middle Dutch),,verse,,No,,,,,No,,47474.0,3700.0,,,,,,,,fragmentary,,,,No,,,,,47503.0,,"[1126-01-01 00:00:00, 1225-12-31 00:00:00]","{'start': {'earliest': '1126'}, 'end': {'latest': '1225'}, 'profile': '1', 'determination': '2', 'estMinDate': 1126, 'estMaxDate': 1225.1231}",3. Very likely (66%-99%),,"Caers & Kestemont (2011), p. 13.",'< 1200',,,,,,"[47485, 47482, 47484, 47483]",[https://www.handschriftencensus.de/werke/382],,Action required,,Add story/source
48025,101,Geraert van Viane,dum (Middle Dutch),,verse,,No,,,,99.0,No,,46304.0,5000.0,,,,[full rhyme],,[736],,fragmentary,,,,No,,,,,46305.0,,"[1201-01-01 00:00:00, 1325-12-31 00:00:00]","{'start': {'earliest': '1201'}, 'end': {'latest': '1325'}, 'profile': '1', 'determination': '2', 'estMinDate': 1201, 'estMaxDate': 1325.1231}",3. Very likely (66%-99%),,"Caers & Kestemont (2011), p. 23.",'Medio en tweede helft dertiende eeuw',,,,,,"[47485, 47482, 47484, 47483]",[https://www.handschriftencensus.de/werke/2146],,Action required,,Genre?
48031,101,Godevaerts kinsthede - Roman van Antiochië,dum (Middle Dutch),,verse,,No,,,,190.0,No,,47474.0,10605.0,,,,[full rhyme],,[633],,fragmentary,,,,No,,,,,46305.0,,"[1276-01-01 00:00:00, 1350-12-31 00:00:00]","{'start': {'earliest': '1276'}, 'end': {'latest': '1350'}, 'profile': '1', 'determination': '2', 'estMinDate': 1276, 'estMaxDate': 1350.1231}",2. Probable (33%-66%),,"Caers & Kestemont (2011), p. 37.",'eerste helft en Medio Veertiende eeuw',,,,,,"[47485, 47482, 47484, 47483]",[https://lib.ugent.be/en/catalog/rug01:000990091?i=0&q=roman+van+antiochi%C3%AB],,Action required,,Add correct Chanson d'antioche
48043,101,Historie van den Grale - Merlijns boec,dum (Middle Dutch),,verse,,No,,,,,No,,47768.0,10092.0,,,,[full rhyme],,,,surviving,,,,No,,,,,47357.0,,"[1259-01-01 00:00:00, 1266-12-31 00:00:00]","{'start': {'earliest': '1259'}, 'end': {'latest': '1266'}, 'determination': '2', 'estMinDate': 1259, 'estMaxDate': 1266.1231}",3. Very likely (66%-99%),,"Caers & Kestemont (2011), p. 22","'Maerlants daaropvolgende werk, de Arturepische dubbelroman Historie van den Grale/Boek van Merline, verwijst in de proloog expliciet terug naar zijn Alexanderroman, waardoor de volgorde van beide werken vast staat (Van Oostrom, 1996, p. 117). '",[47475],,,,,"[47485, 47482, 47484, 47483]",[https://www.handschriftencensus.de/werke/3031],,Action required,,Add story/source
48049,101,Huge van Bordeeus,dum (Middle Dutch),,verse,,No,,,,223.0,No,,47474.0,14800.0,,,,[full rhyme],,[666],,fragmentary,,,,No,,,,,46305.0,,"[1276-01-01 00:00:00, 1375-12-31 00:00:00]","{'start': {'earliest': '1276'}, 'end': {'latest': '1375'}, 'profile': '1', 'determination': '2', 'estMinDate': 1276, 'estMaxDate': 1375.1231}",3. Very likely (66%-99%),,"Caers & Kestemont (2011), p. 36.",'en cluster in de eerste helft Van de Veertiende eeuw',,,,,,"[47485, 47482, 47484, 47483]",[https://www.arlima.net/eh/huon_de_bordeaux/nl_version_fragmentaire.html],,Action required,,Check.
48067,101,Roman van Iechemias,dum (Middle Dutch),,verse,,No,,,,85.0,No,,47474.0,3600.0,,,,[full rhyme],,,,fragmentary,,,,No,,,,,46305.0,,"[1176-01-01 00:00:00, 1325-12-31 00:00:00]","{'start': {'earliest': '1176'}, 'end': {'latest': '1325'}, 'profile': '1', 'determination': '2', 'estMinDate': 1176, 'estMaxDate': 1325.1231}",2. Probable (33%-66%),,"Caers & Kestemont (2011), p. 39.",'De editeur dateert de tekst met weinig argumenten in de tweede helft van de dertiende eeuw.',,,,,,"[47485, 47482, 47484, 47483]",[https://www.arlima.net/eh/guillaume_dengleterre_dit.html],,Action required,,Add source (Guillaume d'Angleterre) + different url?
48072,101,Jourdain de Blaye,dum (Middle Dutch),,verse,,No,,,,73.0,No,,47474.0,4245.0,,,,[full rhyme],,[672],,fragmentary,,,,No,,,,,46305.0,,"[1276-01-01 00:00:00, 1350-12-31 00:00:00]","{'start': {'earliest': '1276'}, 'end': {'latest': '1350'}, 'profile': '1', 'determination': '2', 'estMinDate': 1276, 'estMaxDate': 1350.1231}",2. Probable (33%-66%),,"Caers & Kestemont (2011), p. 32.",' Zij lijken daarmee een datering in het eerste kwart van de veertiende eeuw te suggereren.',,,,,,"[47485, 47482, 47484, 47483]",[https://www.arlima.net/il/jourdain_de_blaves.html],,Action required,,Add reference Kuiper & Biemans?
48077,101,Laidoen,dum (Middle Dutch),,verse,,No,,,[Lorreinen II],,No,,47474.0,,,,,[full rhyme],,,,unknown,,,,No,,,,,46312.0,,"[1226-01-01 00:00:00, 1325-12-31 00:00:00]","{'start': {'earliest': '1226'}, 'end': {'latest': '1325'}, 'profile': '1', 'determination': '2', 'estMinDate': 1226, 'estMaxDate': 1325.1231}",2. Probable (33%-66%),,"Caers & Kestemont (2011), p. 25.",'tweede helft van de dertiende eeuw',,,,,,"[47485, 47482, 47484, 47483]",[https://www.handschriftencensus.de/werke/1824],,Action required,,Which story?
48082,101,Lanceloet en het hert met de witte voet,dum (Middle Dutch),,verse,,No,,,,,No,,47768.0,856.0,,,,[full rhyme],,,,surviving,,,,No,,,,,46305.0,,"[1176-01-01 00:00:00, 1291-12-31 00:00:00]","{'start': {'earliest': '1176'}, 'end': {'latest': '1291'}, 'profile': '1', 'determination': '2', 'estMinDate': 1176, 'estMaxDate': 1291.1231}",3. Very likely (66%-99%),,"Caers & Kestemont (2011), p. 20.","'wordt momenteel geda- teerd tussen de vermoedelijke voorbeeldtekst, de vroegdertiende-eeuwse Lay de Tyolet, en 1291 '",,,,,,"[47485, 47482, 47484, 47483]",[https://www.kb.nl/ontdekken-bewonderen/topstukken/lancelotcompilatie],,Action required,,Add story(/source)
48085,101,Roman van Lancelot,dum (Middle Dutch),,verse,,No,,,,,No,,47768.0,90000.0,,,,[full rhyme],,,,fragmentary,,,,No,,,,,46305.0,,"[1256-01-01 00:00:00, 1305-12-31 00:00:00]","{'start': {'earliest': '1256'}, 'end': {'latest': '1305'}, 'profile': '1', 'determination': '2', 'estMinDate': 1256, 'estMaxDate': 1305.1231}",3. Very likely (66%-99%),,"Caers & Kestemont (2011), p. 29.",'Besamusca dateert ze ‘ca. 1280’',,,,,,"[47485, 47482, 47484, 47483]",[https://www.kb.nl/ontdekken-bewonderen/topstukken/lancelotcompilatie],,Action required,,story + source
48097,101,Lantsloot van der Haghedochte,dum (Middle Dutch),,verse,,No,,,,,No,,47768.0,100000.0,,,,[full rhyme],,,,fragmentary,,,,No,,,,,46305.0,,"[1226-01-01 00:00:00, 1275-12-31 00:00:00]","{'start': {'earliest': '1226'}, 'end': {'latest': '1275'}, 'profile': '1', 'determination': '2', 'estMinDate': 1226, 'estMaxDate': 1275.1231}",3. Very likely (66%-99%),,"Caers & Kestemont (2011), p. 28.",'medio dertiende eeuw',,,,,,"[47485, 47482, 47484, 47483]",[https://www.handschriftencensus.de/werke/5326],,Action required,,Add story/source
48109,101,Lion van Bourges,dum (Middle Dutch),,verse,,No,,,,71.0,No,,47474.0,1100.0,,,,[full rhyme],,,,fragmentary,,,,No,,,,,47357.0,,"[1351-01-01 00:00:00, 1425-12-31 00:00:00]","{'start': {'earliest': '1351'}, 'end': {'latest': '1425'}, 'profile': '1', 'determination': '2', 'estMinDate': 1351, 'estMaxDate': 1425.1231}",2. Probable (33%-66%),,"Caers & Kestemont (2011), p. 39.",'en datering in de late veertiende eeuw is mogelijk',,,,,,"[47485, 47482, 47484, 47483]",[https://www.arlima.net/il/lion_de_bourges.html],,Action required,,Better url
48114,101,Lorreinen I,dum (Middle Dutch),,verse,,No,,,[Roman der Lorreinen],79.0,No,,47474.0,40000.0,,,,[full rhyme],,"[652, 654]",,fragmentary,,,,No,,,,,46312.0,,"[1176-01-01 00:00:00, 1275-12-31 00:00:00]","{'start': {'earliest': '1176'}, 'end': {'latest': '1275'}, 'profile': '1', 'determination': '2', 'estMinDate': 1176, 'estMaxDate': 1275.1231}",2. Probable (33%-66%),,"Caers & Kestemont (2011), p. 25.","'De Lorreinen I moet dan tussen de Oudfranse bronteksten en het vervolg zijn geschreven, volgens Van der Have in de eerste helft van de dertiende eeuw'",,,,,,"[47485, 47482, 47484, 47483]",[https://www.handschriftencensus.de/werke/1824],,Action required,,Check text sources
48126,101,Lorreinen II,dum (Middle Dutch),,verse,,No,,,[Roman der Lorreinen],79.0,No,,47474.0,150000.0,,,,[full rhyme],,,,fragmentary,,,,No,,,,,46312.0,,"[1226-01-01 00:00:00, 1325-12-31 00:00:00]","{'start': {'earliest': '1226'}, 'end': {'latest': '1325'}, 'profile': '1', 'determination': '2', 'estMinDate': 1226, 'estMaxDate': 1325.1231}",2. Probable (33%-66%),,"Caers & Kestemont (2011), p. 25.",'Als die laatste tussen 1291 en 1318 werd geschreven (zie verder) moet de Lorreinen II ergens in de tweede helft van de dertiende eeuw geschreven zijn.',,,,,,"[47485, 47482, 47484, 47483]",[https://www.handschriftencensus.de/werke/1824],,Action required,,Check
48149,101,Loyhier en Malaert,dum (Middle Dutch),,verse,,No,,,,72.0,No,,47474.0,30000.0,,,,[full rhyme],,[766],,fragmentary,,,,No,,,,,,,"[1276-01-01 00:00:00, 1375-12-31 00:00:00]","{'start': {'earliest': '1276'}, 'end': {'latest': '1375'}, 'profile': '1', 'determination': '2', 'estMinDate': 1276, 'estMaxDate': 1375.1231}",3. Very likely (66%-99%),,"Caers & Kestemont (2011), p. 36.",'een cluster in de eerste helft Van de Veertiende eeuw',,,,,,"[47485, 47482, 47484, 47483]",[https://www.handschriftencensus.de/24264],,Action required,,Check
48161,101,Merlijn-continuatie,dum (Middle Dutch),,verse,,No,,,,,No,,47768.0,25820.0,,,,[full rhyme],,,,surviving,,,,No,,,,,46312.0,,"[1327-01-01 00:00:00, 1327-01-01 00:00:00]","{'timestamp': {'in': '1327', 'type': 's'}, 'determination': '2', 'estMinDate': 1327, 'estMaxDate': 1327}",3. Very likely (66%-99%),,"Caers & Kestemont (2011), p. 34.",'Lodewijk van Velthem voltooide zijn Merlijn-continuatie naar eigen zeggen op witte donderdag 1326 oftewel 9 april 1327 in onze jaartelling',[48162],,,,,"[47485, 47482, 47484, 47483]",[https://www.handschriftencensus.de/werke/6667],,Action required,,Add story/source
48179,101,Roman van Moriaen,dum (Middle Dutch),,verse,,No,,,,,No,,47768.0,4716.0,,,,[full rhyme],,,,surviving,,,,No,,,,,46305.0,,"[1226-01-01 00:00:00, 1325-12-31 00:00:00]","{'start': {'earliest': '1226'}, 'end': {'latest': '1325'}, 'profile': '1', 'determination': '2', 'estMinDate': 1226, 'estMaxDate': 1325.1231}",3. Very likely (66%-99%),,"Caers & Kestemont (2011), p. 30.",'Momenteel wordt aangenomen dat Moriaen uit de tweede helft van de dertiende eeuw stamt.',,,,,,"[47485, 47482, 47484, 47483]",[https://www.kb.nl/ontdekken-bewonderen/topstukken/lancelotcompilatie],,Action required,,Add story Moriaen
48186,101,Nevelingenlied,dum (Middle Dutch),,verse,,No,,,,,No,,47474.0,18400.0,,,,,,,,fragmentary,,,,No,,,,,46312.0,,"[1151-01-01 00:00:00, 1225-12-31 00:00:00]","{'start': {'earliest': '1151'}, 'end': {'latest': '1225'}, 'profile': '1', 'determination': '2', 'estMinDate': 1151, 'estMaxDate': 1225.1231}",2. Probable (33%-66%),,"Caers & Kestemont (2011), p. 14.",'< 1200 tot ca. 1200',,,,,,"[47485, 47482, 47484, 47483]",,,Action required,,Add story/German source
48197,101,Parthonopeus van Bloys,dum (Middle Dutch),,verse,,No,,,,,No,,47474.0,10000.0,,,,[full rhyme],,,,fragmentary,,,,No,,,,,46305.0,,"[1176-01-01 00:00:00, 1275-12-31 00:00:00]","{'start': {'earliest': '1176'}, 'end': {'latest': '1275'}, 'profile': '1', 'determination': '2', 'estMinDate': 1176, 'estMaxDate': 1275.1231}",3. Very likely (66%-99%),,"Caers & Kestemont (2011), p. 21.",'eerste helft dertiende eeuw',,,,,,"[47485, 47482, 47484, 47483]",[https://www.handschriftencensus.de/werke/2092],,Action required,,Add story/source Partonopeus
48237,101,Roman van Perchevael,dum (Middle Dutch),,verse,,No,,,,,No,,47768.0,20000.0,,,,[full rhyme],,,,surviving,,,,No,,,,,46305.0,,"[1176-01-01 00:00:00, 1275-12-31 00:00:00]","{'start': {'earliest': '1176'}, 'end': {'latest': '1275'}, 'profile': '1', 'determination': '2', 'estMinDate': 1176, 'estMaxDate': 1275.1231}",2. Probable (33%-66%),,"Caers & Kestemont (2011), p. 18.",'< 1250',,,,,,"[47485, 47482, 47484, 47483]",[https://www.kb.nl/ontdekken-bewonderen/topstukken/lancelotcompilatie],,Action required,,Add story Perceval/source
48258,101,Queeste van den Grale,dum (Middle Dutch),,verse,,No,,,,,No,,47768.0,11155.0,,,,[full rhyme],,,,surviving,,,,No,,,,,46305.0,,"[1256-01-01 00:00:00, 1305-12-31 00:00:00]","{'start': {'earliest': '1256'}, 'end': {'latest': '1305'}, 'profile': '1', 'determination': '2', 'estMinDate': 1256, 'estMaxDate': 1305.1231}",3. Very likely (66%-99%),,"Caers & Kestemont (2011), p. 29.",'ca. 1280',,,,,,"[47485, 47482, 47484, 47483]",[https://www.kb.nl/ontdekken-bewonderen/topstukken/lancelotcompilatie],,Action required,,Add story/source Graal
48268,101,Roman van den riddere metter mouwen,dum (Middle Dutch),,verse,,No,,,,,No,,47768.0,13500.0,,,,[full rhyme],,[48179],"It contains elements of the Moriaen, while following the story of Richars li Biaus.",surviving,,,,No,,,,,46305.0,,"[1251-01-01 00:00:00, 1325-12-31 00:00:00]","{'start': {'earliest': '1251'}, 'end': {'latest': '1325'}, 'profile': '1', 'determination': '2', 'estMinDate': 1251, 'estMaxDate': 1325.1231}",3. Very likely (66%-99%),,"Caers & Kestemont (2011), p. 29.",'latere dertiende eeuw',,,,,,"[47485, 47482, 47484, 47483]",[https://www.kb.nl/ontdekken-bewonderen/topstukken/lancelotcompilatie],,Action required,,Add story/source
48277,101,Saladijn-continuatie,dum (Middle Dutch),,verse,,No,,,,199.0,No,,47474.0,1692.0,,,,[full rhyme],,[572],,fragmentary,,,,No,,,,,46305.0,,"[1276-01-01 00:00:00, 1375-12-31 00:00:00]","{'start': {'earliest': '1276'}, 'end': {'latest': '1375'}, 'profile': '1', 'determination': '2', 'estMinDate': 1276, 'estMaxDate': 1375.1231}",2. Probable (33%-66%),,"Caers & Kestemont (2011), p. 37.","'De Saladijn zou veertiende-eeuws zijn (Claassens, 1993, p. 234-238; Kienhorst, 1988, p. 186), maar lijkt niet op het einde van die eeuw geschreven, aangezien de fragmenten uit het laatste kwart stammen (Klein, 1995, p. 16).'",,,,,,"[47485, 47482, 47484, 47483]",[https://www.handschriftencensus.de/werke/5660],,Action required,,Check
48282,101,Seghelijn van Jherusalem,dum (Middle Dutch),,verse,,No,,,,,No,,47474.0,11979.0,,,,[full rhyme],,,,surviving,,,,No,,,,,46305.0,,"[1301-01-01 00:00:00, 1389-12-31 00:00:00]","{'start': {'earliest': '1301'}, 'end': {'latest': '1389'}, 'profile': '1', 'determination': '2', 'estMinDate': 1301, 'estMaxDate': 1389.1231}",3. Very likely (66%-99%),,"Caers & Kestemont (2011), p. 37.","'Sinds de eer- ste editie (Verdam, 1878, p. iV) is het gebruikelijk om de Seghelijn medio veertiende eeuw te dateren (bv. Claassens, 1993c, p. 299).'",[48287],,,,,"[47485, 47482, 47484, 47483]",[https://www.handschriftencensus.de/4269],,Action required,,Add story Seghelijn
48288,101,Sibeli,dum (Middle Dutch),,verse,,No,,,,,No,,47474.0,1500.0,,,,[full rhyme],,,,fragmentary,,,,No,,,,,,,"[1101-01-01 00:00:00, 1400-12-31 00:00:00]","{'start': {'earliest': '1101'}, 'end': {'latest': '1400'}, 'profile': '2', 'determination': '2', 'estMinDate': 1101, 'estMaxDate': 1400.1231}",3. Very likely (66%-99%),,"Caers & Kestemont (2011), p. 39.","'Hoewel van Sibeli en Aetsaert recent nieuwe fragmenten zijn ontdekt uit de eerste helft van de veertiende eeuw, blijft de auteurstekst vooralsnog ongedateerd'",,,,,,"[47485, 47482, 47484, 47483]",[https://www.handschriftencensus.de/21475],,Action required,,Add story Sibeli
48293,101,Roman van Torec,dum (Middle Dutch),,verse,,No,,,,,No,,47768.0,3853.0,,,,[full rhyme],,,,surviving,,,,No,,,,,47357.0,,"[1226-01-01 00:00:00, 1325-12-31 00:00:00]","{'start': {'earliest': '1226'}, 'end': {'latest': '1325'}, 'profile': '1', 'determination': '2', 'estMinDate': 1226, 'estMaxDate': 1325.1231}",3. Very likely (66%-99%),,"Caers & Kestemont (2011), p. 22.",'tweede helft dertiende eeuw',[47475],,,,,"[47485, 47482, 47484, 47483]",[https://www.kb.nl/ontdekken-bewonderen/topstukken/lancelotcompilatie],,Action required,,Add story/source Torrez
48296,101,Seghers Trojeroman,dum (Middle Dutch),,verse,,No,,,,2347.0,No,,47474.0,2276.0,,,,[full rhyme],,,,surviving,,,,No,,,,,46312.0,,"[1176-01-01 00:00:00, 1260-12-31 00:00:00]","{'start': {'earliest': '1176'}, 'end': {'latest': '1260'}, 'profile': '1', 'determination': '2', 'estMinDate': 1176, 'estMaxDate': 1260.1231}",3. Very likely (66%-99%),,"Caers & Kestemont (2011), p. 22.",'Een datering in de jaren dertig of veertig van de dertiende eeuw (of nog vroeger) lijkt niet overdreven. ',[48297],,,,,"[47485, 47482, 47484, 47483]",[https://www.literatuurgeschiedenis.org/teksten/trojeroman],,Action required,,Add text Troie
48302,101,Wrake van Ragisel,dum (Middle Dutch),,verse,,No,,,,,No,,47768.0,6200.0,,,,[full rhyme],,,,surviving,,,,No,,,,,46305.0,,"[1251-01-01 00:00:00, 1325-12-31 00:00:00]","{'start': {'earliest': '1251'}, 'end': {'latest': '1325'}, 'profile': '1', 'determination': '2', 'estMinDate': 1251, 'estMaxDate': 1325.1231}",3. Very likely (66%-99%),,"Caers & Kestemont (2011), p. 29.",'latere dertiende eeuw',,,,,,"[47485, 47482, 47484, 47483]",[https://www.kb.nl/ontdekken-bewonderen/topstukken/lancelotcompilatie],,Action required,,Add French source/story
48316,101,Henric ende Claredamie,dum (Middle Dutch),,verse,,No,,,[Ongeïdentificeerd (1)],,No,,46304.0,10000.0,,,,,,,,fragmentary,,,,No,,,,,47240.0,,"[1151-01-01 00:00:00, 1250-12-31 00:00:00]","{'start': {'earliest': '1151'}, 'end': {'latest': '1250'}, 'profile': '1', 'determination': '2', 'estMinDate': 1151, 'estMaxDate': 1250.1231}",2. Probable (33%-66%),,"Klein (1995), p. 13.",'XIII1',,,,,,"[47485, 47484, 47483]",,,Action required,,Check
48321,101,Ongeïdentificeerd (2),dum (Middle Dutch),,verse,,No,,,,,No,,46304.0,10000.0,,,,,,,,fragmentary,,,,No,,,,,,,"[1101-01-01 00:00:00, 1510-12-31 00:00:00]","{'start': {'earliest': '1101'}, 'end': {'latest': '1510'}, 'profile': '2', 'determination': '2', 'estMinDate': 1101, 'estMaxDate': 1510.1231}",3. Very likely (66%-99%),,"Klein (1995), p. 16.",'XIVd',,,,,,"[47485, 47483]",,,Action required,,Check
48327,101,Ongeïdentificeerd (3),dum (Middle Dutch),,verse,,No,,,,,No,,46304.0,10000.0,,,,,,,,fragmentary,,,,No,,,,,,,"[1101-01-01 00:00:00, 1385-12-31 00:00:00]","{'start': {'earliest': '1101'}, 'end': {'latest': '1385'}, 'profile': '2', 'determination': '2', 'estMinDate': 1101, 'estMaxDate': 1385.1231}",3. Very likely (66%-99%),,"Klein (1995), p. 15.",'XIVm',,,,,,"[47485, 47483]",,,Action required,,Check
48332,101,Ongeïdentificeerd (4),dum (Middle Dutch),,verse,,No,,,,,No,,46304.0,10000.0,,,,,,,,fragmentary,,,,No,,,,,,,"[1101-01-01 00:00:00, 1410-12-31 00:00:00]","{'start': {'earliest': '1101'}, 'end': {'latest': '1410'}, 'profile': '2', 'determination': '2', 'estMinDate': 1101, 'estMaxDate': 1410.1231}",3. Very likely (66%-99%),,"Klein (1995), p. 16.",'XIV2',,,,,,"[47485, 47483]",,,Action required,,Check
48337,101,Aspremont,dum (Middle Dutch),,verse,,No,,,[Ongeïdentificeerd (5)],95.0,No,,,11000.0,,,,,,[596],,fragmentary,,,,No,,,,,,,"[1101-01-01 00:00:00, 1310-12-31 00:00:00]","{'start': {'earliest': '1101'}, 'end': {'latest': '1310'}, 'profile': '2', 'determination': '2', 'estMinDate': 1101, 'estMaxDate': 1310.1231}",3. Very likely (66%-99%),,"Klein (1995), p. 14.",'c.1300',,,,,,"[47485, 47483]",,,Action required,,Check
48342,101,Ongeïdentificeerd (6),dum (Middle Dutch),,verse,,No,,,,,No,,,10000.0,,,,,,,,fragmentary,,,,No,,,,,,,"[1101-01-01 00:00:00, 1385-12-31 00:00:00]","{'start': {'earliest': '1101'}, 'end': {'latest': '1385'}, 'profile': '2', 'determination': '2', 'estMinDate': 1101, 'estMaxDate': 1385.1231}",3. Very likely (66%-99%),,"Klein (1995), p. 16.",'≥ 1350',,,,,,"[47485, 47483]",,,Action required,,Check
48347,101,Ongeïdentificeerd (7),dum (Middle Dutch),,verse,,No,,,[Parthonopeus van Bloys],,No,,47474.0,10000.0,,,,,,,,fragmentary,,,,No,,,,,,,"[1101-01-01 00:00:00, 1385-12-31 00:00:00]","{'start': {'earliest': '1101'}, 'end': {'latest': '1385'}, 'profile': '2', 'determination': '2', 'estMinDate': 1101, 'estMaxDate': 1385.1231}",3. Very likely (66%-99%),,"Klein (1995), p. 16.",'≥ 1350',,,,,,"[47485, 47483]",,,Action required,,Check
48353,101,Bastaard-Godevaert,dum (Middle Dutch),,verse,,No,,,[Ongeïdentificeerd (8)],190.0,No,,47474.0,2500.0,,,,,,[633],,fragmentary,,,,No,,,,,,,"[1101-01-01 00:00:00, 1385-12-31 00:00:00]","{'start': {'earliest': '1101'}, 'end': {'latest': '1385'}, 'profile': '2', 'determination': '2', 'estMinDate': 1101, 'estMaxDate': 1385.1231}",3. Very likely (66%-99%),,"Klein (1995), p. 15.",'XIVm',,,,,,"[47485, 47483]",[https://digitalcollections.universiteitleiden.nl/view/item/1679726?solr_nav%5Bid%5D=c91c94bac377d3550987&solr_nav%5Bpage%5D=0&solr_nav%5Boffset%5D=0#page/1/mode/1up],,Action required,,Check
48359,101,Alexanderroman,dum (Middle Dutch),,verse,,No,,,,,No,,47474.0,40000.0,,,,,,,,fragmentary,,,,No,,,,,,,"[1101-01-01 00:00:00, 1500-12-31 00:00:00]","{'start': {'earliest': '1101'}, 'end': {'latest': '1500'}, 'profile': '1', 'determination': '2', 'estMinDate': 1101, 'estMaxDate': 1500.1231}",3. Very likely (66%-99%),,,,,,,,,[47485],,,Action required,,Add story Alexander/look up article
48364,101,Proza-Lancelot,dum (Middle Dutch),,prose,,No,,,,,No,,47768.0,64800.0,,,,,,,,fragmentary,,,,No,,,,,46312.0,,"[1276-01-01 00:00:00, 1360-12-31 00:00:00]","{'start': {'earliest': '1276'}, 'end': {'latest': '1360'}, 'profile': '1', 'determination': '2', 'estMinDate': 1276, 'estMaxDate': 1360.1231}",2. Probable (33%-66%),,"Caers & Kestemont (2011), p. 35.","'Men neigt naar een veertiende-eeuwe datering, gelijktijdig met de opkomst van het vers-proza debat (Lie, 1994; minder nadrukkelijk ook Gerritsen, 1988, p. 203), maar in elk geval vóór de fragmenten die uit het tweede kwart van de veertiende eeuw stammen (Klein, 1995, p. 14).'",,,,,,"[47485, 47482, 47484, 47483]",,,Action required,,Add story/source Lancelot
