H-ID,type_id,is_manifestation_of H-ID,observed_on_pages H-ID,last_observed_in_doc H-ID,is_unobserved,is_unobserved TRM-ID,claim_freetext,used_to_follow_fragment H-ID,used_to_follow_witness H-ID,preferred_siglum,alternative_sigla,status_witness,status_witness TRM-ID,status_notes,is_excerpt,is_excerpt TRM-ID,regional_writing_style H-ID,scripta_freetext,date_of_creation,date_of_creation_TEMPORAL,date_of_creation_certainty,date_of_creation_certainty TRM-ID,date_of_creation_source,date_freetext,scribe H-ID,number_of_hands,scribe_note,place_of_creation H-ID,place_of_creation_source,described_by_source H-ID,described_at_URL,reference_notes,review_status,review_status TRM-ID,review_note
46311,105,46303,[46313],,No,,,,,?,,fragmentary,,,No,,46312.0,,"[1341-01-01 00:00:00, 1360-12-31 00:00:00]","{'start': {'earliest': '1341'}, 'end': {'latest': '1360'}, 'profile': '1', 'determination': '2', 'estMinDate': 1341, 'estMaxDate': 1360.1231}",,,,,,,,,,[47038],[https://www.dbnl.org/tekst/klei021geta01_01/klei021geta01_01_0001.php],Add more references.,Action required,,Add other references. Correct preferred siglum.
46361,105,46322,[46407],,No,,,,,H98,,fragmentary,,,No,,46305.0,,"[1341-01-01 00:00:00, 1410-12-31 00:00:00]","{'start': {'earliest': '1341'}, 'end': {'latest': '1410'}, 'profile': '1', 'determination': '2', 'estMinDate': 1341, 'estMaxDate': 1410.1231}",,,,,,,,,,,,,Action required,,Add references.
46364,105,46323,[47247],,No,,,,,H39,,fragmentary,,,No,,46312.0,,"[1341-01-01 00:00:00, 1410-12-31 00:00:00]","{'start': {'earliest': '1341'}, 'end': {'latest': '1410'}, 'profile': '1', 'determination': '2', 'estMinDate': 1341, 'estMaxDate': 1410.1231}",2. Probable (33%-66%),,"Klein 1995, p. 15",XIV2,,,,,,[47483],[https://www.handschriftencensus.de/22382],,Action required,,Check
46368,105,46333,"[46376, 46373]",,No,,,,,H1 (Kienhorst),,fragmentary,,,No,,46335.0,,"[1181-01-01 00:00:00, 1200-12-31 00:00:00]","{'start': {'earliest': '1181'}, 'end': {'latest': '1200'}, 'profile': '1', 'determination': '2', 'estMinDate': 1181, 'estMaxDate': 1200.1231}",3. Very likely (66%-99%),,"Klein 1995, p. 13","""< 1200""",,,,,,,,,Action required,,Add references
46402,105,46392,[46406],,No,,,,,H2,,fragmentary,,,No,,46312.0,"Caers (2011), p. 230","[1341-01-01 00:00:00, 1360-12-31 00:00:00]","{'start': {'earliest': '1341'}, 'end': {'latest': '1360'}, 'profile': '1', 'determination': '2', 'estMinDate': 1341, 'estMaxDate': 1360.1231}",2. Probable (33%-66%),,"Klein (1995), p. 15","""XIVm""",,,,,,,,,Action required,,Add ref
47238,105,46323,[47242],,No,,,,,H40,,fragmentary,,,No,,47240.0,,"[1366-01-01 00:00:00, 1410-12-31 00:00:00]","{'start': {'earliest': '1366'}, 'end': {'latest': '1410'}, 'profile': '1', 'determination': '2', 'estMinDate': 1366, 'estMaxDate': 1410.1231}",3. Very likely (66%-99%),,"Klein (1995), p. 16.",' XIVd',,,,,,[47483],[https://www.handschriftencensus.de/22384],,Action required,,Check
47268,105,46323,[47269],,No,,,,,H41,,fragmentary,,,No,,46305.0,,"[1366-01-01 00:00:00, 1410-12-31 00:00:00]","{'start': {'earliest': '1366'}, 'end': {'latest': '1410'}, 'profile': '1', 'determination': '2', 'estMinDate': 1366, 'estMaxDate': 1410.1231}",3. Very likely (66%-99%),,"Klein 1995, p. 16.",'XIVd',,,,,,[47483],[https://www.handschriftencensus.de/21480],,Action required,,Check
47272,105,46323,[47273],,No,,,,,H42,,fragmentary,,,No,,47240.0,,"[1366-01-01 00:00:00, 1435-12-31 00:00:00]","{'start': {'earliest': '1366'}, 'end': {'latest': '1435'}, 'profile': '1', 'determination': '2', 'estMinDate': 1366, 'estMaxDate': 1435.1231}",2. Probable (33%-66%),,"Klein 1995, p. 16.",'XIV/XV',,,,,,[47483],[https://www.handschriftencensus.de/8947],,Action required,,Check
47276,105,46323,[47277],,No,,,,,H43,,fragmentary,,,No,,47240.0,,"[1366-01-01 00:00:00, 1435-12-31 00:00:00]","{'start': {'earliest': '1366'}, 'end': {'latest': '1435'}, 'profile': '1', 'determination': '2', 'estMinDate': 1366, 'estMaxDate': 1435.1231}",2. Probable (33%-66%),,"Klein 1995, p. 16.",'XIV/XV',,,,,,[47483],[https://www.handschriftencensus.de/21469],,Action required,,Check
47280,105,46323,[47281],,No,,,,,H44,,fragmentary,,,No,,46312.0,,"[1341-01-01 00:00:00, 1410-12-31 00:00:00]","{'start': {'earliest': '1341'}, 'end': {'latest': '1410'}, 'profile': '1', 'determination': '2', 'estMinDate': 1341, 'estMaxDate': 1410.1231}",2. Probable (33%-66%),,"Klein 1995, p. 16.",'XIV2',,,,,,[47483],[https://www.handschriftencensus.de/22383],,Action required,,Check
47285,105,47283,[47286],,No,,,,,H78,,fragmentary,,,No,,46305.0,,"[1341-01-01 00:00:00, 1360-12-31 00:00:00]","{'start': {'earliest': '1341'}, 'end': {'latest': '1360'}, 'profile': '1', 'determination': '2', 'estMinDate': 1341, 'estMaxDate': 1360.1231}",3. Very likely (66%-99%),,"Klein 1995, p. 15.",'c.1350',,,,,,,,,Action required,,Check.
47289,105,47283,[47290],,No,,,,,H79,,fragmentary,,,No,,46305.0,,"[1321-01-01 00:00:00, 1380-12-31 00:00:00]","{'start': {'earliest': '1321'}, 'end': {'latest': '1380'}, 'profile': '1', 'determination': '2', 'estMinDate': 1321, 'estMaxDate': 1380.1231}",2. Probable (33%-66%),,"Klein 1995, p. 15.",'XIVm',,,,,,,,,Action required,,Check.
47337,105,47334,[47338],,No,,,,,H121,,fragmentary,,,No,,46312.0,,"[1321-01-01 00:00:00, 1380-12-31 00:00:00]","{'start': {'earliest': '1321'}, 'end': {'latest': '1380'}, 'profile': '1', 'determination': '2', 'estMinDate': 1321, 'estMaxDate': 1380.1231}",2. Probable (33%-66%),,"Klein (1995), p. 15.",'XIVm'.,,,,,,,,,Action required,,Add ref.
47343,105,47341,[47344],,No,,,,,H29,,fragmentary,,,No,,46305.0,,"[1315-01-01 00:00:00, 1335-12-31 00:00:00]","{'start': {'earliest': '1315'}, 'end': {'latest': '1335'}, 'profile': '1', 'determination': '2', 'estMinDate': 1315, 'estMaxDate': 1335.1231}",2. Probable (33%-66%),,"Klein (1995), p. 14.",'c. 1325'.,,,,,,,,,Action required,,Add ref.
47353,105,47349,[47354],,No,,,,,H32,,fragmentary,,,No,,47357.0,"'Westmiddelnederlands, licht Oostvlaams getint.' Kienhorst (1988), p. 68.","[1316-01-01 00:00:00, 1385-12-31 00:00:00]","{'start': {'earliest': '1316'}, 'end': {'latest': '1385'}, 'profile': '1', 'determination': '2', 'estMinDate': 1316, 'estMaxDate': 1385.1231}",2. Probable (33%-66%),,"Klein (1995), p. 15.",'XIVm',,,,,,[47483],,,Action required,,Check.
47375,105,47369,[47376],47370.0,No,,,,,Ltk. 195,,complete,,,No,,46312.0,,"[1326-01-01 00:00:00, 1360-12-31 00:00:00]","{'start': {'earliest': '1326'}, 'end': {'latest': '1360'}, 'profile': '2', 'determination': '2', 'estMinDate': 1326, 'estMaxDate': 1360.1231}",2. Probable (33%-66%),,"Klein (1995), p. 15.",'<=1350'.,,,,,,[47483],[https://www.handschriftencensus.de/20258],,Action required,,Check.
47383,105,47369,[47384],47382.0,No,,,,,H49,,fragmentary,,,No,,47357.0,,"[1376-01-01 00:00:00, 1400-12-31 00:00:00]","{'start': {'earliest': '1376'}, 'end': {'latest': '1400'}, 'profile': '1', 'determination': '2', 'estMinDate': 1376, 'estMaxDate': 1400.1231}",2. Probable (33%-66%),,"Klein (1995), p. 16.",'XIVd',,,,,,[47483],[https://www.handschriftencensus.de/20259],,Action required,,Check. Check part.
47388,105,47369,[47389],47387.0,No,,,,,H50,,fragmentary,,,No,,46312.0,,"[1316-01-01 00:00:00, 1360-12-31 00:00:00]","{'start': {'earliest': '1316'}, 'end': {'latest': '1360'}, 'profile': '1', 'determination': '2', 'estMinDate': 1316, 'estMaxDate': 1360.1231}",2. Probable (33%-66%),,"Klein (1995), p. 14.",'XIVb'.,,,,,,,[https://www.handschriftencensus.de/11396],,Action required,,Check part.
47392,105,47369,[47393],47391.0,No,,,,,H51,,fragmentary,,,No,,46312.0,,"[1326-01-01 00:00:00, 1360-12-31 00:00:00]","{'start': {'earliest': '1326'}, 'end': {'latest': '1360'}, 'profile': '2', 'determination': '2', 'estMinDate': 1326, 'estMaxDate': 1360.1231}",2. Probable (33%-66%),,"Klein (1995), p. 15.",'≤ 1350'.,,,,,,[47483],,,Action required,,URL?
47399,105,47369,[47400],47395.0,No,,,,,H51B,,fragmentary,,,No,,46312.0,,"[1326-01-01 00:00:00, 1360-12-31 00:00:00]","{'start': {'earliest': '1326'}, 'end': {'latest': '1360'}, 'profile': '2', 'determination': '2', 'estMinDate': 1326, 'estMaxDate': 1360.1231}",2. Probable (33%-66%),,"Klein (1995), p. 15.",'≤ 1350'.,,,,,,,,,Action required,,Check: three witnesses from same manuscripts. Where to put this info?
47403,105,47369,[47404],47401.0,No,,,,,H51C,,fragmentary,,,No,,46312.0,,"[1326-01-01 00:00:00, 1360-12-31 00:00:00]","{'start': {'earliest': '1326'}, 'end': {'latest': '1360'}, 'profile': '2', 'determination': '2', 'estMinDate': 1326, 'estMaxDate': 1360.1231}",2. Probable (33%-66%),,"Klein (1995), p. 15.",'≤ 1350'.,,,,,,,[https://www.handschriftencensus.de/20261],,Action required,,Check: three witnesses same manuscript.
47406,105,47369,[47407],47405.0,No,,,,,H52,,fragmentary,,,No,,46312.0,,"[1311-01-01 00:00:00, 1335-12-31 00:00:00]","{'start': {'earliest': '1311'}, 'end': {'latest': '1335'}, 'profile': '1', 'determination': '2', 'estMinDate': 1311, 'estMaxDate': 1335.1231}",2. Probable (33%-66%),,"Klein (1995), p. 14.",'c.1320-1325'.,,,,,,,[https://www.handschriftencensus.de/13178],,Action required,,Check. ref.
47411,105,47369,[47412],47409.0,No,,,,,H53,,fragmentary,,,No,,46312.0,,"[1391-01-01 00:00:00, 1410-12-31 00:00:00]","{'start': {'earliest': '1391'}, 'end': {'latest': '1410'}, 'profile': '1', 'determination': '2', 'estMinDate': 1391, 'estMaxDate': 1410.1231}",2. Probable (33%-66%),,"Klein (1995), p. 16.",'c.1400'.,,,,,,[47483],[https://www.handschriftencensus.de/20256],,Action required,,Check.
47416,105,47369,[47417],47414.0,No,,,,,H54,,fragmentary,,,No,,46312.0,,"[1316-01-01 00:00:00, 1335-12-31 00:00:00]","{'start': {'earliest': '1316'}, 'end': {'latest': '1335'}, 'profile': '1', 'determination': '2', 'estMinDate': 1316, 'estMaxDate': 1335.1231}",,,"Klein (1995), p. 14.",'c.1325'.,,,"This is the same scribe that wrote the Ferguut. See: Kienhorst (1988), p. 110.",,,,[https://www.handschriftencensus.de/20257],,Action required,,Add ref.
47420,105,47369,[47421],47419.0,Yes,,"Copy exists of a fragment, but the fragment itself is lost.",,,H55,,lost,,,No,,46312.0,,"[1101-01-01 00:00:00, 1500-12-31 00:00:00]","{'start': {'earliest': '1101'}, 'end': {'latest': '1500'}, 'estMinDate': 1101, 'estMaxDate': 1500.1231}",,,"Klein (1995), p. 17.",,,,,,,,[https://www.handschriftencensus.de/20260],,Action required,,"Check, ghost."
47425,105,47369,[47426],47423.0,No,,,,,H56,,fragmentary,,,No,,,,"[1341-01-01 00:00:00, 1360-12-31 00:00:00]","{'start': {'earliest': '1341'}, 'end': {'latest': '1360'}, 'profile': '1', 'determination': '2', 'estMinDate': 1341, 'estMaxDate': 1360.1231}",2. Probable (33%-66%),,"Klein (1995), p. 15.",'c. 1350'.,,,,,,[47483],[https://www.handschriftencensus.de/20255],,Action required,,Add location.
47429,105,46322,[47430],47428.0,No,,,,,H99,,fragmentary,,,No,,46312.0,,"[1341-01-01 00:00:00, 1410-12-31 00:00:00]","{'start': {'earliest': '1341'}, 'end': {'latest': '1410'}, 'profile': '1', 'determination': '2', 'estMinDate': 1341, 'estMaxDate': 1410.1231}",2. Probable (33%-66%),,"Klein (1995), p. 15.",'XIV2'.,,,,,,,,,Action required,,ref.
47433,105,46322,[47434],47432.0,Yes,,,,,H100,,lost,,,No,,46305.0,,"[1391-01-01 00:00:00, 1510-12-31 00:00:00]","{'start': {'earliest': '1391'}, 'end': {'latest': '1510'}, 'profile': '1', 'determination': '2', 'estMinDate': 1391, 'estMaxDate': 1510.1231}",2. Probable (33%-66%),,"Klein (1995), p. 17.",'XIV?'.,,,,,,,,,Action required,,"Check, ref."
47437,105,46322,[47438],47428.0,No,,,,,H101,,fragmentary,,,No,,47240.0,,"[1466-01-01 00:00:00, 1510-12-31 00:00:00]","{'start': {'earliest': '1466'}, 'end': {'latest': '1510'}, 'profile': '1', 'determination': '2', 'estMinDate': 1466, 'estMaxDate': 1510.1231}",3. Very likely (66%-99%),,"Klein (1995), p. 17.",'XVd'.,,,,,,,,,Action required,,Check.
47441,105,46322,[47442],47440.0,No,,,,,H102,,fragmentary,,,No,,47357.0,,"[1291-01-01 00:00:00, 1510-12-31 00:00:00]","{'start': {'earliest': '1291'}, 'end': {'latest': '1510'}, 'profile': '1', 'determination': '2', 'estMinDate': 1291, 'estMaxDate': 1510.1231}",3. Very likely (66%-99%),,"Klein (1995), p. 16.",'XIV/XV'.,,,,,,,,,Action required,,Add catalogue.
47445,105,47293,[47446],47444.0,No,,,,,H92A,,fragmentary,,,No,,46305.0,,"[1316-01-01 00:00:00, 1360-12-31 00:00:00]","{'start': {'earliest': '1316'}, 'end': {'latest': '1360'}, 'profile': '2', 'determination': '2', 'estMinDate': 1316, 'estMaxDate': 1360.1231}",2. Probable (33%-66%),,"Klein (1995), p. 15.",'≤ 1350'.,,,,,,,[https://www.handschriftencensus.de/9436],,Action required,,Check.
47449,105,47293,[47450],47448.0,No,,,,,H92B,,fragmentary,,,No,,46305.0,,"[1316-01-01 00:00:00, 1360-12-31 00:00:00]","{'start': {'earliest': '1316'}, 'end': {'latest': '1360'}, 'profile': '2', 'determination': '2', 'estMinDate': 1316, 'estMaxDate': 1360.1231}",2. Probable (33%-66%),,"Klein (1995), p. 15.",'≤ 1350'.,,,,,,,[https://www.handschriftencensus.de/9436],,Action required,,Ref.
47454,105,47293,[47455],47453.0,Yes,,Fragment lost in 1914.,,,H93,,lost,,,No,,46305.0,,"[1291-01-01 00:00:00, 1410-12-31 00:00:00]","{'start': {'earliest': '1291'}, 'end': {'latest': '1410'}, 'profile': '1', 'determination': '2', 'estMinDate': 1291, 'estMaxDate': 1410.1231}",2. Probable (33%-66%),,"Klein (1995), p. 17.",'XIV'.,,,,,,,,,Action required,,Ref.
47458,105,47293,[47459],47457.0,Yes,,Fragments have at least been lost since 1985.,,,H94,,lost,,,No,,46312.0,,"[1191-01-01 00:00:00, 1410-12-31 00:00:00]","{'start': {'earliest': '1191'}, 'end': {'latest': '1410'}, 'profile': '1', 'determination': '2', 'estMinDate': 1191, 'estMaxDate': 1410.1231}",3. Very likely (66%-99%),,"Klein (1995), p. 14.",'XIII/XIV'.,,,,,,,[https://www.handschriftencensus.de/18870],,Action required,,Ref.
47463,105,47293,[47464],47461.0,No,,,,,H95,,fragmentary,,,No,,46312.0,,"[1391-01-01 00:00:00, 1610-12-31 00:00:00]","{'start': {'earliest': '1391'}, 'end': {'latest': '1610'}, 'profile': '1', 'determination': '2', 'estMinDate': 1391, 'estMaxDate': 1610.1231}",3. Very likely (66%-99%),,"Klein (1995), p. 17.",'XV/XVI'.,,,,,,,,,Action required,,Add ref.
47467,105,47293,[47468],47466.0,No,,,,,H96,,fragmentary,,,No,,46335.0,,"[1291-01-01 00:00:00, 1335-12-31 00:00:00]","{'start': {'earliest': '1291'}, 'end': {'latest': '1335'}, 'profile': '1', 'determination': '2', 'estMinDate': 1291, 'estMaxDate': 1335.1231}",3. Very likely (66%-99%),,"Klein (1995), p. 14.",'XIVa'.,,,,,,,[https://www.handschriftencensus.de/13766],,Action required,,Check scripta.
47478,105,47473,[47479],47476.0,No,,,,,H3,,fragmentary,,,No,,46305.0,,"[1266-01-01 00:00:00, 1310-12-31 00:00:00]","{'start': {'earliest': '1266'}, 'end': {'latest': '1310'}, 'profile': '1', 'determination': '2', 'estMinDate': 1266, 'estMaxDate': 1310.1231}",2. Probable (33%-66%),,"Klein (1995), p. 13.",'XIIId.',,,,,,,[https://www.handschriftencensus.de/20265],,Action required,,Add ref.
47500,105,47473,[47501],47498.0,No,,,,,Cod. Germ. 41,,complete,,,No,,47503.0,,"[1291-01-01 00:00:00, 1510-12-31 00:00:00]","{'start': {'earliest': '1291'}, 'end': {'latest': '1510'}, 'profile': '1', 'determination': '2', 'estMinDate': 1291, 'estMaxDate': 1510.1231}",3. Very likely (66%-99%),,"Caers (2011), p. 231.",'XIV/XV'.,,,,,,[47483],[https://www.handschriftencensus.de/9746],,Action required,,Check.
47505,105,47473,[47506],47504.0,No,,,,,H4,,fragmentary,,,No,,46305.0,,"[1291-01-01 00:00:00, 1310-12-31 00:00:00]","{'start': {'earliest': '1291'}, 'end': {'latest': '1310'}, 'profile': '1', 'determination': '2', 'estMinDate': 1291, 'estMaxDate': 1310.1231}",3. Very likely (66%-99%),,"Klein (1995), p. 13.",'c.1300'.,,,,,,[47483],[https://www.handschriftencensus.de/20266],,Action required,,Check.
47510,105,47473,[47511],47509.0,No,,,,,H5,,fragmentary,,,No,,46312.0,,"[1316-01-01 00:00:00, 1335-12-31 00:00:00]","{'start': {'earliest': '1316'}, 'end': {'latest': '1335'}, 'profile': '1', 'determination': '2', 'estMinDate': 1316, 'estMaxDate': 1335.1231}",3. Very likely (66%-99%),,"Klein (1995), p. 14.",'c.1325'.,,,,,,[47483],[https://www.handschriftencensus.de/20267],,Action required,,Check.
47514,105,47473,[47515],47513.0,No,,,,,H6,,fragmentary,,,No,,46305.0,,"[1441-01-01 00:00:00, 1485-12-31 00:00:00]","{'start': {'earliest': '1441'}, 'end': {'latest': '1485'}, 'profile': '1', 'determination': '2', 'estMinDate': 1441, 'estMaxDate': 1485.1231}",2. Probable (33%-66%),,"Klein (1995), p. 16.",'XVc'.,,,,,,[47483],[https://www.handschriftencensus.de/20268],,Action required,,Check.
47520,105,47517,[47521],47518.0,No,,,,,H105,,fragmentary,,,No,,46335.0,,"[1241-01-01 00:00:00, 1310-12-31 00:00:00]","{'start': {'earliest': '1241'}, 'end': {'latest': '1310'}, 'profile': '1', 'determination': '2', 'estMinDate': 1241, 'estMaxDate': 1310.1231}",2. Probable (33%-66%),,"Klein (1995), p. 13.",'XIII2'.,,,,,,[47483],[https://www.handschriftencensus.de/1366],,Action required,,Check.
47532,105,47529,[47533],47530.0,No,,,,,H8,,fragmentary,,,No,,46305.0,,"[1316-01-01 00:00:00, 1335-12-31 00:00:00]","{'start': {'earliest': '1316'}, 'end': {'latest': '1335'}, 'profile': '1', 'determination': '2', 'estMinDate': 1316, 'estMaxDate': 1335.1231}",2. Probable (33%-66%),,"Klein (1995), p. 14.",'c.1325',,,,,,[47483],[https://www.handschriftencensus.de/20271],,Action required,,Check.
47536,105,47529,[47537],47535.0,No,,,,,H9,,fragmentary,,,No,,46305.0,,"[1366-01-01 00:00:00, 1410-12-31 00:00:00]","{'start': {'earliest': '1366'}, 'end': {'latest': '1410'}, 'profile': '1', 'determination': '2', 'estMinDate': 1366, 'estMaxDate': 1410.1231}",3. Very likely (66%-99%),,"Klein (1995), p. 16.",'XIVd',,,,,,[47483],[https://www.handschriftencensus.de/20270],,Action required,,Check.
47541,105,47539,[47542],47540.0,No,,,,,H12,,fragmentary,,,No,,46305.0,,"[1366-01-01 00:00:00, 1410-12-31 00:00:00]","{'start': {'earliest': '1366'}, 'end': {'latest': '1410'}, 'profile': '1', 'determination': '2', 'estMinDate': 1366, 'estMaxDate': 1410.1231}",2. Probable (33%-66%),,"Klein (1995), p. 16.",'XIVd',,,,,,[47483],[https://www.arlima.net/ad/baudouin_de_sebourc_en_neerlandais.html],,Action required,,Check.
47545,105,47539,[47546],47544.0,No,,,,,H13,,fragmentary,,,No,,46305.0,,"[1341-01-01 00:00:00, 1385-12-31 00:00:00]","{'start': {'earliest': '1341'}, 'end': {'latest': '1385'}, 'profile': '3', 'determination': '2', 'estMinDate': 1341, 'estMaxDate': 1385.1231}",3. Very likely (66%-99%),,"Klein (1995), p. 16.",'≥ 1350',,,,,,[47483],"[https://lib.uva.nl/discovery/fulldisplay?docid=alma990022584600205131&context=L&vid=31UKB_UAM1_INST:UVA&lang=en&search_scope=DN_and_CI_and_PURE&adaptor=Local%20Search%20Engine&tab=Everything&query=any,contains,boudewijn%20van%20seborch&offset=0]",,Action required,,Check.
47552,105,47548,[47553],47550.0,No,,,,,Ltk. 191,,complete,,,No,,46305.0,,"[1291-01-01 00:00:00, 1335-12-31 00:00:00]","{'start': {'earliest': '1291'}, 'end': {'latest': '1335'}, 'profile': '1', 'determination': '2', 'estMinDate': 1291, 'estMaxDate': 1335.1231}",,,"Klein (1995), p. 14.",'XIVb',,2.0,,,,[47483],[https://www.handschriftencensus.de/21936],,Action required,,Check.
47556,105,47548,[47557],47555.0,No,,,,,H27,,fragmentary,,,No,,46305.0,,"[1266-01-01 00:00:00, 1310-12-31 00:00:00]","{'start': {'earliest': '1266'}, 'end': {'latest': '1310'}, 'profile': '1', 'determination': '2', 'estMinDate': 1266, 'estMaxDate': 1310.1231}",2. Probable (33%-66%),,"Klein (1995), p. 13.",' XIIId',,,,,,[47483],"[https://catalogue.leidenuniv.nl/discovery/fulldisplay?docid=alma990035455610302711&context=L&vid=31UKB_LEU:UBL_V1&lang=en&search_scope=MyInst_and_CI&adaptor=Local%20Search%20Engine&isFrbr=true&tab=Everything&query=any,contains,Ltk.%202040%20blancefloer&offset=0]",,Action required,,Better URL?
47569,105,47562,"[47570, 47572]",,No,,,,,H63,,fragmentary,,,No,,46305.0,,"[1316-01-01 00:00:00, 1360-12-31 00:00:00]","{'start': {'earliest': '1316'}, 'end': {'latest': '1360'}, 'profile': '2', 'determination': '2', 'estMinDate': 1316, 'estMaxDate': 1360.1231}",,,"Klein (1995), p. 15.",'< 1350',,,,,,[47483],[https://www.handschriftencensus.de/4052],,Action required,,Check parts.
47577,105,47562,"[47578, 47580]",,No,,,,,H64,,fragmentary,,,No,,46312.0,,"[1316-01-01 00:00:00, 1360-12-31 00:00:00]","{'start': {'earliest': '1316'}, 'end': {'latest': '1360'}, 'profile': '3', 'determination': '2', 'estMinDate': 1316, 'estMaxDate': 1360.1231}",2. Probable (33%-66%),,"Klein (1995), p. 16.",'> 1350',,,,,,[47483],[https://www.handschriftencensus.de/4051],,Action required,,Check parts.
47582,105,47562,[47583],,No,,,,,H65,,fragmentary,,,No,,46305.0,,"[1366-01-01 00:00:00, 1410-12-31 00:00:00]","{'start': {'earliest': '1366'}, 'end': {'latest': '1410'}, 'profile': '1', 'determination': '2', 'estMinDate': 1366, 'estMaxDate': 1410.1231}",2. Probable (33%-66%),,"Klein (1995), p. 16.",'XIVd',,2.0,,,,[47483],[https://www.handschriftencensus.de/15892],,Action required,,Check.
47587,105,47562,"[47588, 47590]",,No,,,,,H66,,fragmentary,,,No,,46305.0,'Brugge',"[1316-01-01 00:00:00, 1385-12-31 00:00:00]","{'start': {'earliest': '1316'}, 'end': {'latest': '1385'}, 'profile': '1', 'determination': '2', 'estMinDate': 1316, 'estMaxDate': 1385.1231}",3. Very likely (66%-99%),,"Klein (1995), p. 15.",'XIVm',,,,,,[47483],[https://www.handschriftencensus.de/15893],,Action required,,Check.
47592,105,47562,[47593],,No,,,,,H67,,fragmentary,,,No,,46305.0,,"[1316-01-01 00:00:00, 1385-12-31 00:00:00]","{'start': {'earliest': '1316'}, 'end': {'latest': '1385'}, 'profile': '1', 'determination': '2', 'estMinDate': 1316, 'estMaxDate': 1385.1231}",2. Probable (33%-66%),,"Klein (1995), p. 15.",'XIVm',,,,,,[47483],[https://www.handschriftencensus.de/15894],,Action required,,Check.
47615,105,47562,[47616],,No,,,,,H68,,fragmentary,,,No,,46305.0,'Brugge',"[1316-01-01 00:00:00, 1360-12-31 00:00:00]","{'start': {'earliest': '1316'}, 'end': {'latest': '1360'}, 'profile': '2', 'determination': '2', 'estMinDate': 1316, 'estMaxDate': 1360.1231}",,,"Klein (1995), p. 15.",'≤ 1350',,,,,,[47483],[https://www.handschriftencensus.de/15895],,Action required,,Check.
47619,105,47562,[47620],,No,,,,,H69,,fragmentary,,,No,,46305.0,,"[1341-01-01 00:00:00, 1410-12-31 00:00:00]","{'start': {'earliest': '1341'}, 'end': {'latest': '1410'}, 'profile': '1', 'determination': '2', 'estMinDate': 1341, 'estMaxDate': 1410.1231}",2. Probable (33%-66%),,"Klein (1995), p. 14.",'XIVb',,2.0,,,,[47483],[https://www.handschriftencensus.de/14373],,Action required,,Check.
47624,105,47562,[47625],,No,,,,,H70,,fragmentary,,,No,,46312.0,,"[1366-01-01 00:00:00, 1410-12-31 00:00:00]","{'start': {'earliest': '1366'}, 'end': {'latest': '1410'}, 'profile': '1', 'determination': '2', 'estMinDate': 1366, 'estMaxDate': 1410.1231}",3. Very likely (66%-99%),,"Klein (1995), p. 16.",'XIVd',,,,,,[47483],[https://www.handschriftencensus.de/15896],,Action required,,Check.
47628,105,47562,[47629],,No,,,,,H71,,fragmentary,,,No,,46305.0,,"[1316-01-01 00:00:00, 1360-12-31 00:00:00]","{'start': {'earliest': '1316'}, 'end': {'latest': '1360'}, 'profile': '2', 'determination': '2', 'estMinDate': 1316, 'estMaxDate': 1360.1231}",2. Probable (33%-66%),,"Klein (1995), p. 15.",'≤ 1350',,,,,,[47483],[https://www.handschriftencensus.de/9434],,Action required,,Check.
47632,105,47562,[47633],,No,,,,,H72,,fragmentary,,,No,,46305.0,,"[1341-01-01 00:00:00, 1385-12-31 00:00:00]","{'start': {'earliest': '1341'}, 'end': {'latest': '1385'}, 'profile': '3', 'determination': '2', 'estMinDate': 1341, 'estMaxDate': 1385.1231}",2. Probable (33%-66%),,"Klein (1995), p. 16.",'> 1350',,,,,,[47483],[https://www.handschriftencensus.de/15874],,Action required,,Check.
47637,105,47635,[47638],,No,,,,,IV 927,,complete,,,No,,47503.0,'Benedenrijn',"[1461-01-01 00:00:00, 1490-12-31 00:00:00]","{'start': {'earliest': '1461'}, 'end': {'latest': '1490'}, 'profile': '1', 'determination': '2', 'estMinDate': 1461, 'estMaxDate': 1490.1231}",3. Very likely (66%-99%),,"Klein (1995), p. 16.",'c.1470-1480',,,,,,[47483],"[https://opac.kbr.be/Library/search.aspx?SC=KBR_UNIFIED&QUERY=historie+van+troyen&QUERY_LABEL=#/Detail/(query:(Id:'position:%20SOLR/DEFA-000007_OFFSET_0',Index:2,NBResults:58,PageRange:3,SearchQuery:(FacetFilter:%7B%7D,ForceSearch:!f,InitialSearch:!f,Page:0,PageRange:3,QueryGuid:'7bb6721e-9e96-4524-a08c-b6d843b34823',QueryString:'historie%20van%20troyen',ResultSize:50,ScenarioCode:KBR_UNIFIED,ScenarioDisplayMode:display-standard,SearchGridFieldsShownOnResultsDTO:!(),SearchLabel:'',SearchTerms:'historie%20van%20troyen',SessionGuid:'0801726f-cc72-4b4f-ad11-46d549f6de27',SortField:!n,SortOrder:0,TemplateParams:(Scenario:'',Scope:Library,Size:!n,Source:'',Support:'',UseCompact:!f),UseSpellChecking:!n)))]",,Action required,,Check.
47649,105,47635,"[47650, 47652]",,No,,,,,15.589-623,,fragmentary,,Full chapter,No,,46312.0,'Brabant/Leuven',"[1391-01-01 00:00:00, 1420-12-31 00:00:00]","{'start': {'earliest': '1391'}, 'end': {'latest': '1420'}, 'profile': '1', 'determination': '2', 'estMinDate': 1391, 'estMaxDate': 1420.1231}",3. Very likely (66%-99%),,"Klein (1995), p. 16.",'c.1399-1410',,1.0,,,,[47483],[https://www.handschriftencensus.de/6926],,Action required,,Check.
47655,105,47635,[47656],,No,,,,,H106,,fragmentary,,,No,,46312.0,,"[1291-01-01 00:00:00, 1310-12-31 00:00:00]","{'start': {'earliest': '1291'}, 'end': {'latest': '1310'}, 'profile': '1', 'determination': '2', 'estMinDate': 1291, 'estMaxDate': 1310.1231}",2. Probable (33%-66%),,"Klein (1995), p. 13",'c. 1300',,,,,,[47483],[https://www.handschriftencensus.de/20378],,Action required,,Check.
47662,105,47635,"[47663, 47665, 47666, 47667]",,No,,,,,H07,,fragmentary,,,No,,46305.0,,"[1316-01-01 00:00:00, 1360-12-31 00:00:00]","{'start': {'earliest': '1316'}, 'end': {'latest': '1360'}, 'profile': '1', 'determination': '2', 'estMinDate': 1316, 'estMaxDate': 1360.1231}",2. Probable (33%-66%),,"Klein (1995), p. 14.",'XIVb',,1.0,"'De fragmenten zijn door dezelfde hand (en in dezelfde opmaak) geschreven als hs. 's Gravenhage, KB, XX (Maerlants Spiegel Historiael)'",,,[47483],[https://www.handschriftencensus.de/24256],,Action required,,Check parts etc.
47670,105,47635,"[47671, 47673]",,No,,,,,H108,,fragmentary,,,No,,46305.0,'West-vlaanderen',"[1316-01-01 00:00:00, 1360-12-31 00:00:00]","{'start': {'earliest': '1316'}, 'end': {'latest': '1360'}, 'profile': '2', 'determination': '2', 'estMinDate': 1316, 'estMaxDate': 1360.1231}",3. Very likely (66%-99%),,"Klein (1995), p. 15.",'< 1350',,,,,,[47483],,,Action required,,Check.
47677,105,47635,[47678],,No,,,,,H109,,fragmentary,,,No,,46305.0,'West-Vlaanderen',"[1316-01-01 00:00:00, 1360-12-31 00:00:00]","{'start': {'earliest': '1316'}, 'end': {'latest': '1360'}, 'profile': '2', 'determination': '2', 'estMinDate': 1316, 'estMaxDate': 1360.1231}",2. Probable (33%-66%),,"Klein (1995), p. 15.",'≤ 1350',,,,,,[47483],,,Action required,,URL
47681,105,47635,[47682],,No,,,,,H110,,fragmentary,,,No,,46305.0,,"[1341-01-01 00:00:00, 1410-12-31 00:00:00]","{'start': {'earliest': '1341'}, 'end': {'latest': '1410'}, 'profile': '1', 'determination': '2', 'estMinDate': 1341, 'estMaxDate': 1410.1231}",2. Probable (33%-66%),,"Klein (1995), p. 16.",'XIV2',,,,,,[47483],,,Action required,,url
47686,105,47635,[47687],,No,,,,,H111,,fragmentary,,,No,,46305.0,,"[1316-01-01 00:00:00, 1410-12-31 00:00:00]","{'start': {'earliest': '1316'}, 'end': {'latest': '1410'}, 'profile': '1', 'determination': '2', 'estMinDate': 1316, 'estMaxDate': 1410.1231}",,,"Klein (1995), p. 15.",'XIVm/XIV2',,,,,,[47483],,,Action required,,url
47693,105,47635,"[47694, 47696, 47698]",,No,,,,,H112,,fragmentary,,,No,,46312.0,,"[1366-01-01 00:00:00, 1410-12-31 00:00:00]","{'start': {'earliest': '1366'}, 'end': {'latest': '1410'}, 'profile': '3', 'determination': '2', 'estMinDate': 1366, 'estMaxDate': 1410.1231}",,,"Klein (1995), p. 16.",'> 1350',,,,,,[47483],[https://lib.ugent.be/en/catalog/rug01:000990629?i=2&q=troyen],,Action required,,Check all </> dates
47713,105,47635,[47714],,No,,,,,H113,,fragmentary,,,No,,46312.0,,"[1316-01-01 00:00:00, 1360-12-31 00:00:00]","{'start': {'earliest': '1316'}, 'end': {'latest': '1360'}, 'profile': '1', 'determination': '2', 'estMinDate': 1316, 'estMaxDate': 1360.1231}",2. Probable (33%-66%),,"Klein (1995), p. 14.",'XIVb',,,,,,[47483],[https://lib.ugent.be/en/catalog/rug01:000765748?i=3&q=troyen],,Action required,,Check.
47717,105,47635,[47718],,No,,,,,H114,,fragmentary,,,No,,47357.0,,"[1316-01-01 00:00:00, 1360-12-31 00:00:00]","{'start': {'earliest': '1316'}, 'end': {'latest': '1360'}, 'profile': '2', 'determination': '2', 'estMinDate': 1316, 'estMaxDate': 1360.1231}",,,"Klein (1995), p. 15.",'≤ 1350',,,,,,[47483],,,Action required,,url
47721,105,47635,[47722],,No,,,,,H115,,fragmentary,,,No,,,,"[1291-01-01 00:00:00, 1310-12-31 00:00:00]","{'start': {'earliest': '1291'}, 'end': {'latest': '1310'}, 'profile': '1', 'determination': '2', 'estMinDate': 1291, 'estMaxDate': 1310.1231}",2. Probable (33%-66%),,"Klein (1995), p. 14.",'c.1300',,,,,,[47483],"[https://opac.kbr.be/Library/search.aspx?SC=KBR_UNIFIED&QUERY=troyen&_lg=nl-BE#/Detail/(query:(Id:'position:%20SOLR/DEFA-000004_OFFSET_0',Index:1,NBResults:151,PageRange:3,SearchQuery:(FacetFilter:%7B%7D,ForceSearch:!f,InitialSearch:!f,Page:0,PageRange:3,QueryGuid:c3bef684-446d-4dcf-ab71-05dabe38ac83,QueryString:troyen,ResultSize:50,ScenarioCode:KBR_UNIFIED,ScenarioDisplayMode:display-standard,SearchGridFieldsShownOnResultsDTO:!(),SearchLabel:'',SearchTerms:troyen,SessionGuid:'9caf6bfd-7180-4c31-ad72-faa5f2b03333',SortField:!n,SortOrder:0,TemplateParams:(Scenario:'',Scope:Library,Size:!n,Source:'',Support:'',UseCompact:!f),UseSpellChecking:!n)))]",,Action required,,Check (scripta?)
47725,105,47635,[47726],,No,,,,,"IV 1275, 1",,fragmentary,,,No,,,,"[1261-01-01 00:00:00, 1500-12-31 00:00:00]","{'start': {'earliest': '1261'}, 'end': {'latest': '1500'}, 'determination': '2', 'estMinDate': 1261, 'estMaxDate': 1500.1231}",3. Very likely (66%-99%),,,,,,,,,[47485],"[https://opac.kbr.be/Library/search.aspx?SC=KBR_UNIFIED&QUERY=troyen&_lg=nl-BE#/Detail/(query:(Id:'position:%20SOLR/DEFA-000007_OFFSET_0',Index:13,NBResults:571,PageRange:3,SearchQuery:(FacetFilter:%7B%7D,ForceSearch:!f,InitialSearch:!f,Page:0,PageRange:3,QueryGuid:c3bef684-446d-4dcf-ab71-05dabe38ac83,QueryString:troyen,ResultSize:50,ScenarioCode:KBR_UNIFIED,ScenarioDisplayMode:display-standard,SearchGridFieldsShownOnResultsDTO:!(),SearchLabel:'',SearchTerms:troyen,SessionGuid:'9caf6bfd-7180-4c31-ad72-faa5f2b03333',SortField:!n,SortOrder:0,TemplateParams:(Scenario:'',Scope:Library,Size:!n,Source:'',Support:'',UseCompact:!f),UseSpellChecking:!n)))]",,Action required,,"Check, add sources"
47730,105,47635,[47731],,No,,,,,BPL 2387,,fragmentary,,,No,,,Brussel,"[1316-01-01 00:00:00, 1385-12-31 00:00:00]","{'start': {'earliest': '1316'}, 'end': {'latest': '1385'}, 'profile': '1', 'determination': '2', 'estMinDate': 1316, 'estMaxDate': 1385.1231}",2. Probable (33%-66%),,"https://catalogue.leidenuniv.nl/discovery/fulldisplay?docid=alma990035456460302711&context=L&vid=31UKB_LEU:UBL_V1&lang=en&search_scope=MyInst_and_CI&adaptor=Local%20Search%20Engine&isFrbr=true&tab=Everything&query=any,contains,BPL%202387%20&offset=0","'14th century, mid'",,,,,,[47485],"[https://catalogue.leidenuniv.nl/discovery/fulldisplay?docid=alma990035456460302711&context=L&vid=31UKB_LEU:UBL_V1&lang=en&search_scope=MyInst_and_CI&adaptor=Local%20Search%20Engine&isFrbr=true&tab=Everything&query=any,contains,BPL%202387%20&offset=0]",,Action required,,Check + add scripta Brussel?
47734,105,47635,[47735],,No,,,,,liasse 698,,fragmentary,,,No,,,,"[1261-01-01 00:00:00, 1500-12-31 00:00:00]","{'start': {'earliest': '1261'}, 'end': {'latest': '1500'}, 'determination': '2', 'estMinDate': 1261, 'estMaxDate': 1500.1231}",,,,,,,,,,,,,Action required,,Find source.
47738,105,47635,[47739],,No,,,,,MS 712.36,,fragmentary,,,No,,,,"[1261-01-01 00:00:00, 1500-12-31 00:00:00]","{'start': {'earliest': '1261'}, 'end': {'latest': '1500'}, 'determination': '2', 'estMinDate': 1261, 'estMaxDate': 1500.1231}",,,,,,,,,,,,,Action required,,Find source.
47742,105,47635,[47743],,unknown,,,,,z.s.,,fragmentary,,,No,,,,"[1261-01-01 00:00:00, 1500-12-31 00:00:00]","{'start': {'earliest': '1261'}, 'end': {'latest': '1500'}, 'determination': '2', 'estMinDate': 1261, 'estMaxDate': 1500.1231}",,,,,,,,,,,,,Action required,,Find source.
47747,105,47745,[47748],,No,,,,,H116,,fragmentary,,,No,,46305.0,,"[1316-01-01 00:00:00, 1385-12-31 00:00:00]","{'start': {'earliest': '1316'}, 'end': {'latest': '1385'}, 'profile': '1', 'determination': '2', 'estMinDate': 1316, 'estMaxDate': 1385.1231}",2. Probable (33%-66%),,"Klein (1995), p. 15.",'XIVm',,,,,,[47483],[https://www.handschriftencensus.de/8337],,Action required,,Check.
47752,105,47745,[47753],,No,,,,,H117,,fragmentary,,,No,,46305.0,,"[1341-01-01 00:00:00, 1360-12-31 00:00:00]","{'start': {'earliest': '1341'}, 'end': {'latest': '1360'}, 'profile': '1', 'determination': '2', 'estMinDate': 1341, 'estMaxDate': 1360.1231}",3. Very likely (66%-99%),,"Klein (1995), p. 15.",'c.1350',,,,,,[47483],[https://www.handschriftencensus.de/20063],,Action required,,Check.
47756,105,47755,[47757],,No,,,,,15.589-623,,complete,,,No,,46312.0,Brussel,"[1391-01-01 00:00:00, 1420-12-31 00:00:00]","{'start': {'earliest': '1391'}, 'end': {'latest': '1420'}, 'profile': '1', 'determination': '2', 'estMinDate': 1391, 'estMaxDate': 1420.1231}",3. Very likely (66%-99%),,"Klein (1995), p. 16.",'c.1399-1410',,1.0,,,,[47483],"[https://opac.kbr.be/Library/search.aspx?SC=KBR_UNIFIED&QUERY=hulthem&_lg=nl-BE#/Detail/(query:(Id:'position:%20SOLR/DEFA-000001_OFFSET_0',Index:1,NBResults:50,PageRange:3,SearchQuery:(FacetFilter:'%7B%22_842%22:%22Handschrift%22%7D',ForceSearch:!f,InitialSearch:!f,Page:0,PageRange:3,QueryGuid:d04000e5-a342-44ad-a15c-5f24127f158c,QueryString:hulthem,ResultSize:50,ScenarioCode:KBR_UNIFIED,ScenarioDisplayMode:display-standard,SearchGridFieldsShownOnResultsDTO:!(),SearchLabel:'',SearchTerms:hulthem,SessionGuid:'81d2d403-471d-4dd7-aa92-9a6174cef71b',SortField:!n,SortOrder:0,TemplateParams:(Scenario:'',Scope:Library,Size:!n,Source:'',Support:'',UseCompact:!f),UseSpellChecking:!n)))]",,Action required,,Check.
47762,105,47759,[47763],,No,,,,,H118,,defective,,,No,,46305.0,,"[1341-01-01 00:00:00, 1385-12-31 00:00:00]","{'start': {'earliest': '1341'}, 'end': {'latest': '1385'}, 'profile': '1', 'determination': '2', 'estMinDate': 1341, 'estMaxDate': 1385.1231}",2. Probable (33%-66%),,"Klein (1995), p. 16.",'XIVc',,,,,,[47483],[https://lib.ugent.be/en/catalog/rug01:000839806?i=41&q=vergi],,Action required,,Check.
47772,105,47767,[47773],,No,,,,,Hs. 32,,complete,,,No,,46305.0,,"[1350-01-01 00:00:00, 1350-01-01 00:00:00]","{'timestamp': {'in': '1350', 'type': 's'}, 'determination': '1', 'estMinDate': 1350, 'estMaxDate': 1350}",3. Very likely (66%-99%),,"Klein (1995), p. 15.",'1350',,2.0,,,,[47483],[https://digitalcollections.universiteitleiden.nl/view/item/1595077?solr_nav%5Bid%5D=868a21c51242d7a78846&solr_nav%5Bpage%5D=0&solr_nav%5Boffset%5D=0#page/1/mode/1up],,Action required,,Check.
47777,105,47767,[47778],,No,,,,,H119,,fragmentary,,,No,,46305.0,,"[1341-01-01 00:00:00, 1385-12-31 00:00:00]","{'start': {'earliest': '1341'}, 'end': {'latest': '1385'}, 'profile': '3', 'determination': '2', 'estMinDate': 1341, 'estMaxDate': 1385.1231}",2. Probable (33%-66%),,"Klein (1995), p. 16.",'≥ 1350',,,,,,[47483],[https://digitalcollections.universiteitleiden.nl/view/item/1595077?solr_nav%5Bid%5D=868a21c51242d7a78846&solr_nav%5Bpage%5D=0&solr_nav%5Boffset%5D=0#page/1/mode/1up],,Action required,,Check
47785,105,47780,[47786],,No,,,,,LC,,complete,,"Full text, maybe shortened.",No,,46312.0,,"[1316-01-01 00:00:00, 1360-12-31 00:00:00]","{'start': {'earliest': '1316'}, 'end': {'latest': '1360'}, 'profile': '1', 'determination': '2', 'estMinDate': 1316, 'estMaxDate': 1360.1231}",2. Probable (33%-66%),,"Klein (1995), p. 14.",'XIVb',,5.0,,,,[47483],[https://www.kb.nl/ontdekken-bewonderen/topstukken/lancelotcompilatie],,Action required,,Wrong place for number of hands.
47792,105,47788,[47793],,No,,,,,H120,,fragmentary,,,No,,46312.0,,"[1311-01-01 00:00:00, 1335-12-31 00:00:00]","{'start': {'earliest': '1311'}, 'end': {'latest': '1335'}, 'profile': '1', 'determination': '2', 'estMinDate': 1311, 'estMaxDate': 1335.1231}",2. Probable (33%-66%),,"Klein (1995), p. 14.",'c.1320-1325',,,,,,[47483],[https://lib.ugent.be/catalog/rug01:000990047],,Action required,,Check.
47797,105,47795,[47798],,No,,,,,"Ms. Dutch b. 2, fol. 6",,fragmentary,,,No,,46305.0,,"[1291-01-01 00:00:00, 1410-12-31 00:00:00]","{'start': {'earliest': '1291'}, 'end': {'latest': '1410'}, 'profile': '1', 'determination': '2', 'estMinDate': 1291, 'estMaxDate': 1410.1231}",3. Very likely (66%-99%),,Kienhorst (https://www.dbnl.org/tekst/_tij003199801_01/_tij003199801_01_0009.php),'Het schrift is een eenvoudige veertiende-eeuwse littera textualis.',,,,,,[47485],[https://www.dbnl.org/tekst/_tij003199801_01/_tij003199801_01_0009.php],,Action required,,Add source Kienhorst dbnl.
47897,105,47896,[47898],,No,,,,,"LC, f.201-238",,complete,,,No,,46312.0,,"[1311-01-01 00:00:00, 1335-12-31 00:00:00]","{'start': {'earliest': '1311'}, 'end': {'latest': '1335'}, 'profile': '1', 'determination': '2', 'estMinDate': 1311, 'estMaxDate': 1335.1231}",,,"Klein (1995), p. 14.",'c.1320-1325',,,,,,[47483],[https://www.kb.nl/ontdekken-bewonderen/topstukken/lancelotcompilatie],,Action required,,Check.
47900,105,47896,[47901],,No,,,,,Hs. 33,,fragmentary,,,No,,46305.0,,"[1316-01-01 00:00:00, 1360-12-31 00:00:00]","{'start': {'earliest': '1316'}, 'end': {'latest': '1360'}, 'profile': '1', 'determination': '2', 'estMinDate': 1316, 'estMaxDate': 1360.1231}",2. Probable (33%-66%),,"Caers (2011), p. 231.",'xiv-b',,,,,,"[47484, 47485]",,,Action required,,Add sources etc.
47906,105,47903,[47907],,No,,,,,H7,,fragmentary,,,No,,46305.0,,"[1316-01-01 00:00:00, 1385-12-31 00:00:00]","{'start': {'earliest': '1316'}, 'end': {'latest': '1385'}, 'profile': '1', 'determination': '2', 'estMinDate': 1316, 'estMaxDate': 1385.1231}",3. Very likely (66%-99%),,"Klein (1995), p. 15.",'XIVm',,,,,,[47483],[https://www.handschriftencensus.de/20269],,Action required,,Check.
47912,105,47909,[47913],,No,,,,,H10,,fragmentary,,,No,,47357.0,,"[1291-01-01 00:00:00, 1510-12-31 00:00:00]","{'start': {'earliest': '1291'}, 'end': {'latest': '1510'}, 'profile': '1', 'determination': '2', 'estMinDate': 1291, 'estMaxDate': 1510.1231}",3. Very likely (66%-99%),,"Klein (1995), p. 16.",'XIV/XV',,,,,,[47483],"[https://opac.kbr.be/Library/search.aspx?SC=KBR_UNIFIED&QUERY=beerte&_lg=nl-BE#/Detail/(query:(Id:'position:%20SOLR/DEFA-000001_OFFSET_0',Index:1,NBResults:185,PageRange:3,SearchQuery:(FacetFilter:%7B%7D,ForceSearch:!f,InitialSearch:!f,Page:0,PageRange:3,QueryGuid:'26e29623-1165-429a-a506-55b05b97d50e',QueryString:beerte,ResultSize:50,ScenarioCode:KBR_UNIFIED,ScenarioDisplayMode:display-standard,SearchGridFieldsShownOnResultsDTO:!(),SearchLabel:'',SearchTerms:beerte,SessionGuid:'4161f008-cab8-45a4-8b97-9526f994f545',SortField:!n,SortOrder:0,TemplateParams:(Scenario:'',Scope:Library,Size:!n,Source:'',Support:'',UseCompact:!f),UseSpellChecking:!n)))]",,Action required,,Check.
47926,105,47924,[47927],,No,,,,,H11,,fragmentary,,,No,,46312.0,,"[1241-01-01 00:00:00, 1310-12-31 00:00:00]","{'start': {'earliest': '1241'}, 'end': {'latest': '1310'}, 'profile': '1', 'determination': '2', 'estMinDate': 1241, 'estMaxDate': 1310.1231}",3. Very likely (66%-99%),,"Klein (1995), p. 13.",'XIII2',,,,,,[47483],,,Action required,,url
47933,105,47929,"[47934, 47936]",,No,,,,,H14,,fragmentary,,,No,,46312.0,,"[1191-01-01 00:00:00, 1410-12-31 00:00:00]","{'start': {'earliest': '1191'}, 'end': {'latest': '1410'}, 'profile': '1', 'determination': '2', 'estMinDate': 1191, 'estMaxDate': 1410.1231}",3. Very likely (66%-99%),,"Klein (1995), p. 14.",'XIII/XIV',,,,,,[47483],[https://www.handschriftencensus.de/20275],,Action required,,Check.
47938,105,47929,[47939],,No,,,,,Teplá MS. Fragm. 44,[H133],fragmentary,,,No,,,,"[1291-01-01 00:00:00, 1351-12-31 00:00:00]","{'start': {'earliest': '1291'}, 'end': {'latest': '1351'}, 'profile': '1', 'determination': '2', 'estMinDate': 1291, 'estMaxDate': 1351.1231}",2. Probable (33%-66%),,https://www.handschriftencensus.de/7569,,,,,,,[47485],[https://www.handschriftencensus.de/7569],,Action required,,Check.
47943,105,47941,[47944],,No,,,,,XXIV,[Hs. 43],complete,,Shortened version of the text,No,,46312.0,,"[1311-01-01 00:00:00, 1335-12-31 00:00:00]","{'start': {'earliest': '1311'}, 'end': {'latest': '1335'}, 'profile': '1', 'determination': '2', 'estMinDate': 1311, 'estMaxDate': 1335.1231}",2. Probable (33%-66%),,"Klein (1995), p. 14.",'c.1320-1325',,1.0,"'De kopiist is dezelfde kopiist als kopiist A van de Haagse Lancelot-codex.' Kienhorst (1988), p. 29.",,,[47483],[https://webggc.oclc.org/cbs/DB=2.37/SET=3/TTL=1/SHW?FRST=4],,Action required,,Check.
47947,105,47941,[47948],,No,,,,,H15,,fragmentary,,,No,,46312.0,,"[1316-01-01 00:00:00, 1360-12-31 00:00:00]","{'start': {'earliest': '1316'}, 'end': {'latest': '1360'}, 'profile': '2', 'determination': '2', 'estMinDate': 1316, 'estMaxDate': 1360.1231}",3. Very likely (66%-99%),,"Klein (1995), p. 15.",'≤ 1350',,,,,,[47483],,,Action required,,URL
47951,105,47941,[47952],,No,,,,,H16,,fragmentary,,,No,,46312.0,,"[1316-01-01 00:00:00, 1335-12-31 00:00:00]","{'start': {'earliest': '1316'}, 'end': {'latest': '1335'}, 'profile': '1', 'determination': '2', 'estMinDate': 1316, 'estMaxDate': 1335.1231}",2. Probable (33%-66%),,"Klein (1995), p. 15.",'c.1325',,1.0,"'A is geschreven door dezelfde kopiist als H5A (Alexanders geesten).' Kienhorst (1988), p. 31.",,,[47483],"[https://opac.kbr.be/Library/search.aspx?SC=KBR_UNIFIED&QUERY=18.228&_lg=nl-BE#/Detail/(query:(Id:'position:%20SOLR/DEFA-000001_OFFSET_0',Index:1,NBResults:1,PageRange:3,SearchQuery:(CloudTerms:!(),FacetFilter:%7B%7D,ForceSearch:!f,InitialSearch:!f,Page:0,PageRange:3,QueryGuid:'755d6aed-3635-4622-adb9-462f4272ce19',QueryString:cassamus,ResultSize:50,ScenarioCode:KBR_UNIFIED,ScenarioDisplayMode:display-standard,SearchGridFieldsShownOnResultsDTO:!(),SearchLabel:'',SearchTerms:cassamus,SessionGuid:c711ce71-f184-4335-aac1-0ab52b6f9ee9,SortField:!n,SortOrder:0,TemplateParams:(Scenario:'',Scope:Library,Size:!n,Source:'',Support:'',UseCompact:!f),UseSpellChecking:!n)))]",,Action required,,Check.
47964,105,47960,"[47965, 47967]",,No,,,,,H17,,fragmentary,,,No,,46305.0,,"[1366-01-01 00:00:00, 1410-12-31 00:00:00]","{'start': {'earliest': '1366'}, 'end': {'latest': '1410'}, 'profile': '1', 'determination': '2', 'estMinDate': 1366, 'estMaxDate': 1410.1231}",3. Very likely (66%-99%),,"Klein (1995), p. 16.",'XIVd',,,,,,[47483],[https://digitalcollections.universiteitleiden.nl/view/item/376816?solr_nav%5Bid%5D=97d35613ab1ced1a85ae&solr_nav%5Bpage%5D=0&solr_nav%5Boffset%5D=0#page/1/mode/1up],,Action required,,Should this be two witnesses?
47969,105,47960,[47970],,Yes,,,,,H18,,fragmentary,,,No,,,,"[1276-01-01 00:00:00, 1500-12-31 00:00:00]","{'start': {'earliest': '1276'}, 'end': {'latest': '1500'}, 'profile': '3', 'determination': '2', 'estMinDate': 1276, 'estMaxDate': 1500.1231}",2. Probable (33%-66%),,,,,,,,,[47483],,,Action required,,Check.
47973,105,47960,[47974],,No,,,,,H19,,fragmentary,,,No,,46312.0,,"[1291-01-01 00:00:00, 1335-12-31 00:00:00]","{'start': {'earliest': '1291'}, 'end': {'latest': '1335'}, 'profile': '2', 'determination': '2', 'estMinDate': 1291, 'estMaxDate': 1335.1231}",2. Probable (33%-66%),,"Klein (1995), p. 14.",'< 1325',,,,,,[47483],"[https://opac.kbr.be/Library/search.aspx?SC=KBR_UNIFIED&QUERY=18.228&_lg=nl-BE#/Detail/(query:(Id:'position:%20SOLR/DEFA-000002_OFFSET_0',Index:2,NBResults:21,PageRange:3,SearchQuery:(CloudTerms:!(),FacetFilter:%7B%7D,ForceSearch:!f,InitialSearch:!f,Page:0,PageRange:3,QueryGuid:'304fca6a-5635-4a62-a632-94de9803bf5a',QueryString:'19577',ResultSize:50,ScenarioCode:KBR_UNIFIED,ScenarioDisplayMode:display-standard,SearchGridFieldsShownOnResultsDTO:!(),SearchLabel:'',SearchTerms:'19577',SessionGuid:dec08a3f-52eb-4b49-a656-63df2ae4f0ed,SortField:!n,SortOrder:0,TemplateParams:(Scenario:'',Scope:Library,Size:!n,Source:'',Support:'',UseCompact:!f),UseSpellChecking:!n)))]",,Action required,,Check.
47978,105,47977,[47979],,No,,,,,Hs. 24,,complete,,,No,,46305.0,,"[1316-01-01 00:00:00, 1335-12-31 00:00:00]","{'start': {'earliest': '1316'}, 'end': {'latest': '1335'}, 'profile': '1', 'determination': '2', 'estMinDate': 1316, 'estMaxDate': 1335.1231}",2. Probable (33%-66%),,"Klein (1995), p. 14.",'c.1325',,,,,,[47483],[https://digitalcollections.universiteitleiden.nl/view/item/1598537?solr_nav%5Bid%5D=a2ed1d13c8c952ff681e&solr_nav%5Bpage%5D=0&solr_nav%5Boffset%5D=0#page/1/mode/1up],,Action required,,Check.
47982,105,47980,[47983],,Maybe,,,,,H20,,fragmentary,,,No,,,,"[1316-01-01 00:00:00, 1385-12-31 00:00:00]","{'start': {'earliest': '1316'}, 'end': {'latest': '1385'}, 'profile': '1', 'determination': '2', 'estMinDate': 1316, 'estMaxDate': 1385.1231}",2. Probable (33%-66%),,"Klein (1995), p. 15.",'XIVm',,,,,,[47483],,,Action required,,Check
47987,105,47985,[47988],,No,,,,,H21,,fragmentary,,,No,,46305.0,,"[1291-01-01 00:00:00, 1510-12-31 00:00:00]","{'start': {'earliest': '1291'}, 'end': {'latest': '1510'}, 'profile': '1', 'determination': '2', 'estMinDate': 1291, 'estMaxDate': 1510.1231}",3. Very likely (66%-99%),,"Klein (1995), p. 16.",'XIV/XV',,,,,,[47483],,,Action required,,Find url
47991,105,47985,[47992],,No,,,,,H22,,fragmentary,,,No,,46305.0,,"[1291-01-01 00:00:00, 1510-12-31 00:00:00]","{'start': {'earliest': '1291'}, 'end': {'latest': '1510'}, 'profile': '1', 'determination': '2', 'estMinDate': 1291, 'estMaxDate': 1510.1231}",3. Very likely (66%-99%),,"Klein (1995), p. 16.",'XIV/XV',,2.0,,,,[47483],,,Action required,,Check
47996,105,47994,[47997],,No,,,,,H24,,fragmentary,,,No,,46305.0,,"[1316-01-01 00:00:00, 1360-12-31 00:00:00]","{'start': {'earliest': '1316'}, 'end': {'latest': '1360'}, 'profile': '2', 'determination': '2', 'estMinDate': 1316, 'estMaxDate': 1360.1231}",2. Probable (33%-66%),,"Klein (1995), p. 15.",'≤ 1350',,,,,,[47483],,,Action required,,Check
48003,105,47999,"[48004, 48006, 48007]",,No,,,,,H25,,fragmentary,,,No,,46305.0,,"[1366-01-01 00:00:00, 1410-12-31 00:00:00]","{'start': {'earliest': '1366'}, 'end': {'latest': '1410'}, 'profile': '1', 'determination': '2', 'estMinDate': 1366, 'estMaxDate': 1410.1231}",3. Very likely (66%-99%),,"Klein (1995), p. 16.",'XIVd',,,,,,[47483],,,Action required,,Check.
48010,105,48008,[48011],,No,,,,,H26,,fragmentary,,,No,,46312.0,,"[1316-01-01 00:00:00, 1360-12-31 00:00:00]","{'start': {'earliest': '1316'}, 'end': {'latest': '1360'}, 'profile': '2', 'determination': '2', 'estMinDate': 1316, 'estMaxDate': 1360.1231}",2. Probable (33%-66%),,"Klein (1995), p. 14.",'< 1350',,,,,,[47483],,,Action required,,Check.
48015,105,48013,[48016],,No,,,,,H28,,fragmentary,,,No,,47503.0,,"[1191-01-01 00:00:00, 1201-12-31 00:00:00]","{'start': {'earliest': '1191'}, 'end': {'latest': '1201'}, 'profile': '1', 'determination': '2', 'estMinDate': 1191, 'estMaxDate': 1201.1231}",3. Very likely (66%-99%),,"Klein (1995), p. 13.",'c.1200',,,,,,[47483],[https://www.handschriftencensus.de/1608],,Action required,,Check.
48028,105,48025,[48029],,No,,,,,H30,,fragmentary,,,No,,46305.0,,"[1291-01-01 00:00:00, 1335-12-31 00:00:00]","{'start': {'earliest': '1291'}, 'end': {'latest': '1335'}, 'profile': '3', 'determination': '2', 'estMinDate': 1291, 'estMaxDate': 1335.1231}",2. Probable (33%-66%),,"Klein (1995), p. 14.",'≥ 1300',,2.0,,,,[47483],[https://handschriftenportal.de/search?hspobjectid=HSP-eaec5d9a-ca7a-380e-9fb0-7476b9c0fbd8&q=Germ.+fol.+751&hl=true],,Action required,,Check.
48037,105,48031,"[48038, 48040, 48041, 48042]",,No,,,,,H31,,fragmentary,,,No,,46305.0,,"[1316-01-01 00:00:00, 1335-12-31 00:00:00]","{'start': {'earliest': '1316'}, 'end': {'latest': '1335'}, 'profile': '1', 'determination': '2', 'estMinDate': 1316, 'estMaxDate': 1335.1231}",2. Probable (33%-66%),,"Klein (1995), p. 14.",'c.1325',,,,,,[47483],[https://lib.ugent.be/en/catalog/rug01:000990091?i=0&q=roman+van+antiochi%C3%AB],,Action required,,Check all parts.
48045,105,48043,[48046],,No,,,,,Hs. 28,,complete,,,No,,48048.0,,"[1413-01-01 00:00:00, 1432-12-31 00:00:00]","{'start': {'earliest': '1413'}, 'end': {'latest': '1432'}, 'profile': '1', 'determination': '2', 'estMinDate': 1413, 'estMaxDate': 1432.1231}",3. Very likely (66%-99%),,"Klein (1995), p. 16.",'c.1422',,2.0,,,,[47483],[https://www.handschriftencensus.de/23908],,Action required,,Check.
48051,105,48049,[48052],,Yes,,Lost in bombing of the city in 1940.,,,H33,,lost,,,No,,46305.0,,"[1341-01-01 00:00:00, 1410-12-31 00:00:00]","{'start': {'earliest': '1341'}, 'end': {'latest': '1410'}, 'profile': '1', 'determination': '2', 'estMinDate': 1341, 'estMaxDate': 1410.1231}",3. Very likely (66%-99%),,"Klein (1995), p. 15.",'XIV2',,,,,,[47483],[https://www.arlima.net/eh/huon_de_bordeaux/nl_version_fragmentaire.html],,Action required,,Kienhorst zegt in BNM?
48055,105,48049,[48056],,No,,,,,H34,,fragmentary,,,No,,46305.0,,"[1291-01-01 00:00:00, 1510-12-31 00:00:00]","{'start': {'earliest': '1291'}, 'end': {'latest': '1510'}, 'profile': '1', 'determination': '2', 'estMinDate': 1291, 'estMaxDate': 1510.1231}",3. Very likely (66%-99%),,"Klein (1995), p. 16.",'XIV/XV',,,,,,[47483],,,Action required,,Check
48059,105,48049,"[48060, 48062]",,No,,,,,H35,,fragmentary,,,No,,46305.0,,"[1341-01-01 00:00:00, 1410-12-31 00:00:00]","{'start': {'earliest': '1341'}, 'end': {'latest': '1410'}, 'profile': '1', 'determination': '2', 'estMinDate': 1341, 'estMaxDate': 1410.1231}",3. Very likely (66%-99%),,"Klein (1995), p. 15.",'XIV2',,,,,,[47483],,,Action required,,Check
48064,105,48049,[48065],,No,,,,,H36,,fragmentary,,,No,,46305.0,,"[1366-01-01 00:00:00, 1410-12-31 00:00:00]","{'start': {'earliest': '1366'}, 'end': {'latest': '1410'}, 'profile': '1', 'determination': '2', 'estMinDate': 1366, 'estMaxDate': 1410.1231}",3. Very likely (66%-99%),,"Klein (1995), p. 16.",'XIVd',,,,,,[47483],,,Action required,,Check.
48069,105,48067,[48070],,No,,,,,H37,,fragmentary,,,No,,46305.0,,"[1316-01-01 00:00:00, 1360-12-31 00:00:00]","{'start': {'earliest': '1316'}, 'end': {'latest': '1360'}, 'profile': '2', 'determination': '2', 'estMinDate': 1316, 'estMaxDate': 1360.1231}",2. Probable (33%-66%),,"Klein (1995), p. 15.",'≤ 1350',,,,,,[47483],,,Action required,,url?
48074,105,48072,[48075],,No,,,,,H38,,fragmentary,,,No,,46305.0,,"[1316-01-01 00:00:00, 1360-12-31 00:00:00]","{'start': {'earliest': '1316'}, 'end': {'latest': '1360'}, 'profile': '2', 'determination': '2', 'estMinDate': 1316, 'estMaxDate': 1360.1231}",2. Probable (33%-66%),,"Klein (1995), p. 15.",'< 1350',,,,,,[47483],,,Action required,,Add Maastricht part!
48079,105,48077,[48080],,No,,,,,H45,,fragmentary,,,No,,46312.0,,"[1341-01-01 00:00:00, 1385-12-31 00:00:00]","{'start': {'earliest': '1341'}, 'end': {'latest': '1385'}, 'profile': '2', 'determination': '2', 'estMinDate': 1341, 'estMaxDate': 1385.1231}",2. Probable (33%-66%),,"Klein (1995), p. 16.",'> 1350',,,,,,[47483],,,Action required,,url?
48083,105,48082,[48084],,No,,,,,LC,,complete,,,Maybe,,46312.0,,"[1311-01-01 00:00:00, 1335-12-31 00:00:00]","{'start': {'earliest': '1311'}, 'end': {'latest': '1335'}, 'profile': '1', 'determination': '2', 'estMinDate': 1311, 'estMaxDate': 1335.1231}",3. Very likely (66%-99%),,"Klein (1995), p. 14.",'c.1320-1325',,,,,,[47483],[https://www.handschriftencensus.de/18444],,Action required,,Check
48086,105,48085,[48087],,No,,,,,LC,,fragmentary,,,No,,46312.0,,"[1311-01-01 00:00:00, 1335-12-31 00:00:00]","{'start': {'earliest': '1311'}, 'end': {'latest': '1335'}, 'profile': '1', 'determination': '2', 'estMinDate': 1311, 'estMaxDate': 1335.1231}",3. Very likely (66%-99%),,"Klein (1995), p. 14.",'c.1320-1325',,,,,,[47483],[https://www.handschriftencensus.de/18444],,Action required,,Check.
48089,105,48085,[48090],,No,,,,,H46,,fragmentary,,,No,,46312.0,,"[1311-01-01 00:00:00, 1335-12-31 00:00:00]","{'start': {'earliest': '1311'}, 'end': {'latest': '1335'}, 'profile': '1', 'determination': '2', 'estMinDate': 1311, 'estMaxDate': 1335.1231}",2. Probable (33%-66%),,"Klein (1995), p. 14.",'c.1320-1325',,,,,,[47483],"[https://opac.kbr.be/Library/search.aspx?SC=KBR_UNIFIED&QUERY=huge+van+bordeeus&_lg=nl-BE#/Detail/(query:(Id:'position:%20SOLR/DEFA-000002_OFFSET_0',Index:4,NBResults:165,PageRange:3,SearchQuery:(CloudTerms:!(),FacetFilter:%7B%7D,ForceSearch:!f,InitialSearch:!f,Page:0,PageRange:3,QueryGuid:d95e0237-4ee8-4402-97d2-9d9878a30115,QueryString:'roman%20van%20lancelot',ResultSize:50,ScenarioCode:KBR_UNIFIED,ScenarioDisplayMode:display-standard,SearchGridFieldsShownOnResultsDTO:!(),SearchLabel:'',SearchTerms:'roman%20van%20lancelot',SessionGuid:'097e85d8-d2cf-4660-a1e7-493cd179a3b9',SortField:!n,SortOrder:0,TemplateParams:(Scenario:'',Scope:Library,Size:!n,Source:'',Support:'',UseCompact:!f),UseSpellChecking:!n)))]",,Action required,,Check.
48094,105,48085,[48095],,No,,,,,H47,,fragmentary,,,No,,46312.0,,"[1311-01-01 00:00:00, 1335-12-31 00:00:00]","{'start': {'earliest': '1311'}, 'end': {'latest': '1335'}, 'profile': '1', 'determination': '2', 'estMinDate': 1311, 'estMaxDate': 1335.1231}",2. Probable (33%-66%),,"Klein (1995), p. 14.",'c.1320-1325',,,,,,[47483],,,Action required,,url
48102,105,48097,"[48103, 48105, 48106, 48107]",,No,,,,,H48,,fragmentary,,,No,,46305.0,,"[1316-01-01 00:00:00, 1360-12-31 00:00:00]","{'start': {'earliest': '1316'}, 'end': {'latest': '1360'}, 'profile': '1', 'determination': '2', 'estMinDate': 1316, 'estMaxDate': 1360.1231}",2. Probable (33%-66%),,"Klein (1995), p. 14.",'XIVb',,,,,,[47483],[https://www.handschriftencensus.de/18433],,Action required,,Check
48111,105,48109,[48112],,No,,,,,H57,,fragmentary,,,No,,47357.0,,"[1291-01-01 00:00:00, 1510-12-31 00:00:00]","{'start': {'earliest': '1291'}, 'end': {'latest': '1510'}, 'profile': '1', 'determination': '2', 'estMinDate': 1291, 'estMaxDate': 1510.1231}",3. Very likely (66%-99%),,"Klein (1995), p. 16.",'XIV/XV',,,,,,[47483],,,Action required,,url
48117,105,48114,"[48118, 48120]",,No,,,,,H59,,fragmentary,,,No,,46312.0,,"[1291-01-01 00:00:00, 1335-12-31 00:00:00]","{'start': {'earliest': '1291'}, 'end': {'latest': '1335'}, 'profile': '2', 'determination': '2', 'estMinDate': 1291, 'estMaxDate': 1335.1231}",2. Probable (33%-66%),,"Klein (1995), p. 14.",'≤ 1325',,,,,,[47483],[https://www.handschriftencensus.de/20264],,Action required,,Check
48123,105,48114,[48124],,No,,,,,H60,,fragmentary,,,No,,46312.0,,"[1316-01-01 00:00:00, 1360-12-31 00:00:00]","{'start': {'earliest': '1316'}, 'end': {'latest': '1360'}, 'profile': '2', 'determination': '2', 'estMinDate': 1316, 'estMaxDate': 1360.1231}",3. Very likely (66%-99%),,"Klein (1995), p. 15.",'≤ 1350',,,,,,[47483],[https://digitalcollections.universiteitleiden.nl/view/item/376813?solr_nav%5Bid%5D=56059c0999e3e8d53507&solr_nav%5Bpage%5D=0&solr_nav%5Boffset%5D=0#page/1/mode/1up],,Action required,,Check
48138,105,48126,"[48139, 48141, 48142, 48143, 48144, 48145, 48146, 48147, 48148]",,No,,,,,H58,,fragmentary,,,No,,46312.0,,"[1316-01-01 00:00:00, 1360-12-31 00:00:00]","{'start': {'earliest': '1316'}, 'end': {'latest': '1360'}, 'profile': '1', 'determination': '2', 'estMinDate': 1316, 'estMaxDate': 1360.1231}",2. Probable (33%-66%),,"Klein (1995), p. 14.",'XIVb',,,,,,[47483],[https://www.handschriftencensus.de/9024],,Action required,,Check
48157,105,46316,"[48158, 48160]",,No,,,,,H62,,fragmentary,,,No,,,,"[1316-01-01 00:00:00, 1360-12-31 00:00:00]","{'start': {'earliest': '1316'}, 'end': {'latest': '1360'}, 'profile': '2', 'determination': '2', 'estMinDate': 1316, 'estMaxDate': 1360.1231}",2. Probable (33%-66%),,"Klein (1995), p. 15.",'≤ 1350',,,,,,[47483],[https://lib.ugent.be/nl/catalog/rug01:000990088?i=21&q=1648&type=manuscript],,Action required,,Check
48164,105,48161,[48165],,No,,,,,Hs. 53,,complete,,,No,,48048.0,,"[1413-01-01 00:00:00, 1432-12-31 00:00:00]","{'start': {'earliest': '1413'}, 'end': {'latest': '1432'}, 'profile': '1', 'determination': '2', 'estMinDate': 1413, 'estMaxDate': 1432.1231}",3. Very likely (66%-99%),,"Klein (1995), p. 16.",'c.1422',,,,,,[47483],,,Action required,,url?
48167,105,48161,[48168],,No,,,,,H73,,fragmentary,,,No,,46312.0,,"[1291-01-01 00:00:00, 1335-12-31 00:00:00]","{'start': {'earliest': '1291'}, 'end': {'latest': '1335'}, 'profile': '1', 'determination': '2', 'estMinDate': 1291, 'estMaxDate': 1335.1231}",2. Probable (33%-66%),,"Klein (1995), p. 14.",'XIVb',,,,,,[47483],[https://www.handschriftencensus.de/23917],,Action required,,Check
48172,105,48161,[48173],,No,,,,,H74,,fragmentary,,,No,,46312.0,,"[1316-01-01 00:00:00, 1360-12-31 00:00:00]","{'start': {'earliest': '1316'}, 'end': {'latest': '1360'}, 'profile': '2', 'determination': '2', 'estMinDate': 1316, 'estMaxDate': 1360.1231}",2. Probable (33%-66%),,"Klein (1995), p. 15.",'< 1350',,,,,,[47483],,,Action required,,url?
48176,105,48161,[48177],,No,,,,,H75,,fragmentary,,,No,,,,"[1326-01-01 00:00:00, 1360-12-31 00:00:00]","{'start': {'earliest': '1326'}, 'end': {'latest': '1360'}, 'profile': '3', 'determination': '2', 'estMinDate': 1326, 'estMaxDate': 1360.1231}",3. Very likely (66%-99%),,"Klein (1995), p. 14.",'≥ 1326',,,,,,[47483],[https://www.handschriftencensus.de/23918],,Action required,,Check
48180,105,48179,[48181],,No,,,,,LC,,complete,,,No,,46312.0,,"[1311-01-01 00:00:00, 1335-12-31 00:00:00]","{'start': {'earliest': '1311'}, 'end': {'latest': '1335'}, 'profile': '1', 'determination': '2', 'estMinDate': 1311, 'estMaxDate': 1335.1231}",3. Very likely (66%-99%),,"Klein (1995), p. 14.",'c.1320-1325',,,,,,[47483],[https://www.kb.nl/ontdekken-bewonderen/topstukken/lancelotcompilatie],,Action required,,Check
48183,105,48179,[48184],,No,,,,,H76,,fragmentary,,,No,,46305.0,,"[1316-01-01 00:00:00, 1335-12-31 00:00:00]","{'start': {'earliest': '1316'}, 'end': {'latest': '1335'}, 'profile': '1', 'determination': '2', 'estMinDate': 1316, 'estMaxDate': 1335.1231}",2. Probable (33%-66%),,"Klein (1995), p. 15.",'c.1325',,,,,,[47483],"[https://opac.kbr.be/Library/search.aspx?SC=KBR_UNIFIED&QUERY=Moriaen&_lg=nl-BE#/Detail/(query:(Id:'position:%20SOLR/DEFA-000007_OFFSET_0',Index:10,NBResults:184,PageRange:3,SearchQuery:(FacetFilter:%7B%7D,ForceSearch:!f,InitialSearch:!f,Page:0,PageRange:3,QueryGuid:'27d88d51-68d2-4a48-bd05-9377265154a4',QueryString:Moriaen,ResultSize:50,ScenarioCode:KBR_UNIFIED,ScenarioDisplayMode:display-standard,SearchGridFieldsShownOnResultsDTO:!(),SearchLabel:'',SearchTerms:Moriaen,SessionGuid:'75beb923-1724-4b2b-be58-fe6853fb555b',SortField:!n,SortOrder:0,TemplateParams:(Scenario:'',Scope:Library,Size:!n,Source:'',Support:'',UseCompact:!f),UseSpellChecking:!n)))]",,Action required,,Check
48188,105,48186,[48189],,No,,,,,H77,,fragmentary,,,No,,46312.0,,"[1291-01-01 00:00:00, 1310-12-31 00:00:00]","{'start': {'earliest': '1291'}, 'end': {'latest': '1310'}, 'profile': '1', 'determination': '2', 'estMinDate': 1291, 'estMaxDate': 1310.1231}",2. Probable (33%-66%),,"Klein (1995), p. 13.",'c.1300',,,,,,[47483],,,Action required,,url
48193,105,47283,"[48194, 48196]",,No,,,,,H80,,fragmentary,,,No,,46305.0,,"[1316-01-01 00:00:00, 1385-12-31 00:00:00]","{'start': {'earliest': '1316'}, 'end': {'latest': '1385'}, 'profile': '1', 'determination': '2', 'estMinDate': 1316, 'estMaxDate': 1385.1231}",2. Probable (33%-66%),,"Klein (1995), p. 15.",'XIVm',,,,,,[47483],[https://www.handschriftencensus.de/9435],,Action required,,Check
48201,105,48197,"[48202, 48204, 48205]",,No,,,,,H81,,fragmentary,,,No,,46305.0,,"[1266-01-01 00:00:00, 1310-12-31 00:00:00]","{'start': {'earliest': '1266'}, 'end': {'latest': '1310'}, 'profile': '1', 'determination': '2', 'estMinDate': 1266, 'estMaxDate': 1310.1231}",2. Probable (33%-66%),,"Klein (1995), p. 13.",'XIIId',,,,,,[47483],[https://www.handschriftencensus.de/8729],,Action required,,Check
48210,105,48197,"[48211, 48213, 48214]",,No,,,,,H82,,defective,,,No,,46305.0,,"[1366-01-01 00:00:00, 1410-12-31 00:00:00]","{'start': {'earliest': '1366'}, 'end': {'latest': '1410'}, 'profile': '1', 'determination': '2', 'estMinDate': 1366, 'estMaxDate': 1410.1231}",3. Very likely (66%-99%),,"Klein (1995), p. 16.",'XIVd',,,,,,[47483],[https://www.handschriftencensus.de/24630],,Action required,,Check
48218,105,48197,"[48219, 48221, 48222]",,No,,,,,H83,,fragmentary,,,No,,46305.0,,"[1291-01-01 00:00:00, 1335-12-31 00:00:00]","{'start': {'earliest': '1291'}, 'end': {'latest': '1335'}, 'profile': '2', 'determination': '2', 'estMinDate': 1291, 'estMaxDate': 1335.1231}",2. Probable (33%-66%),,"Klein (1995), p. 14.",'< 1325',,,,,,[47483],[https://www.handschriftencensus.de/15397],,Action required,,Check
48224,105,48197,[48225],,No,,,,,H84,,fragmentary,,,No,,46305.0,,"[1341-01-01 00:00:00, 1360-12-31 00:00:00]","{'start': {'earliest': '1341'}, 'end': {'latest': '1360'}, 'profile': '1', 'determination': '2', 'estMinDate': 1341, 'estMaxDate': 1360.1231}",2. Probable (33%-66%),,"Klein (1995), p. 15.",'c.1350',,,,,,[47483],[https://www.handschriftencensus.de/23980],,Action required,,Check
48228,105,48197,[48229],,No,,,,,H85,,fragmentary,,,No,,46305.0,,"[1366-01-01 00:00:00, 1410-12-31 00:00:00]","{'start': {'earliest': '1366'}, 'end': {'latest': '1410'}, 'profile': '1', 'determination': '2', 'estMinDate': 1366, 'estMaxDate': 1410.1231}",3. Very likely (66%-99%),,"Klein (1995), p. 16.",'XIVd',,,,,,[47483],[https://www.handschriftencensus.de/24631],,Action required,,Check
48233,105,48197,"[48234, 48236]",,No,,,,,H86,,fragmentary,,,No,,47240.0,'Ripuarisch',"[1466-01-01 00:00:00, 1510-12-31 00:00:00]","{'start': {'earliest': '1466'}, 'end': {'latest': '1510'}, 'profile': '1', 'determination': '2', 'estMinDate': 1466, 'estMaxDate': 1510.1231}",2. Probable (33%-66%),,"Klein (1995), p. 17.",'XVd',,,,,,[47483],,,Action required,,url?
48238,105,48237,[48239],,No,,,,,LC,,complete,,,Yes,,46312.0,,"[1311-01-01 00:00:00, 1335-12-31 00:00:00]","{'start': {'earliest': '1311'}, 'end': {'latest': '1335'}, 'profile': '1', 'determination': '2', 'estMinDate': 1311, 'estMaxDate': 1335.1231}",3. Very likely (66%-99%),,"Klein (1995), p. 14.",'c.1320-1325',,,,,,[47483],[https://www.kb.nl/ontdekken-bewonderen/topstukken/lancelotcompilatie],,Action required,,Check
48241,105,48237,[48242],,No,,,,,H87,,fragmentary,,,No,,46312.0,,"[1266-01-01 00:00:00, 1310-12-31 00:00:00]","{'start': {'earliest': '1266'}, 'end': {'latest': '1310'}, 'profile': '1', 'determination': '2', 'estMinDate': 1266, 'estMaxDate': 1310.1231}",3. Very likely (66%-99%),,"Klein (1995), p. 13.",'XIIId',,,,,,[47483],,,Action required,,url?
48246,105,48237,[48247],,No,,,,,H88,,fragmentary,,,No,,47240.0,Ripuarisch,"[1266-01-01 00:00:00, 1310-12-31 00:00:00]","{'start': {'earliest': '1266'}, 'end': {'latest': '1310'}, 'profile': '2', 'determination': '2', 'estMinDate': 1266, 'estMaxDate': 1310.1231}",2. Probable (33%-66%),,"Klein (1995), p. 13.",'≤ 1300',,,,,,[47483],,,Action required,,url?
48251,105,48237,[48252],,No,,,,,H89,,fragmentary,,,No,,46312.0,,"[1316-01-01 00:00:00, 1360-12-31 00:00:00]","{'start': {'earliest': '1316'}, 'end': {'latest': '1360'}, 'profile': '2', 'determination': '2', 'estMinDate': 1316, 'estMaxDate': 1360.1231}",2. Probable (33%-66%),,"Klein (1995), p. 15.",'< 1350',,,,,,[47483],"[https://opac.kbr.be/Library/search.aspx?SC=KBR_UNIFIED&QUERY=II+572&_lg=nl-BE#/Detail/(query:(Id:'position:%20SOLR/DEFA-000001_OFFSET_0',Index:1,NBResults:52,PageRange:3,SearchQuery:(CloudTerms:!(),FacetFilter:%7B%7D,ForceSearch:!f,InitialSearch:!f,Page:0,PageRange:3,QueryGuid:'2a290e20-ef1d-4152-903d-78a66306accc',QueryString:perchevael,ResultSize:50,ScenarioCode:KBR_UNIFIED,ScenarioDisplayMode:display-standard,SearchGridFieldsShownOnResultsDTO:!(),SearchLabel:'',SearchTerms:perchevael,SessionGuid:'34df968b-af50-43ad-92bc-8cfcd79602e9',SortField:!n,SortOrder:0,TemplateParams:(Scenario:'',Scope:Library,Size:!n,Source:'',Support:'',UseCompact:!f),UseSpellChecking:!n)))]",,Action required,,Check
48255,105,48237,[48256],,No,,,,,H90,,fragmentary,,,No,,46335.0,,"[1266-01-01 00:00:00, 1310-12-31 00:00:00]","{'start': {'earliest': '1266'}, 'end': {'latest': '1310'}, 'profile': '2', 'determination': '2', 'estMinDate': 1266, 'estMaxDate': 1310.1231}",2. Probable (33%-66%),,"Klein (1995), p. 13.",'< 1300',,,,,,[47483],,,Action required,,url
48259,105,48258,[48260],,No,,,,,LC,,complete,,,No,,46312.0,,"[1311-01-01 00:00:00, 1335-12-31 00:00:00]","{'start': {'earliest': '1311'}, 'end': {'latest': '1335'}, 'profile': '1', 'determination': '2', 'estMinDate': 1311, 'estMaxDate': 1335.1231}",3. Very likely (66%-99%),,"Klein (1995), p. 14.",'c.1320-1325',,,,,,[47483],[https://www.kb.nl/ontdekken-bewonderen/topstukken/lancelotcompilatie],,Action required,,Check
48265,105,48258,[48266],,No,,,,,H91,,fragmentary,,,No,,47357.0,,"[1341-01-01 00:00:00, 1410-12-31 00:00:00]","{'start': {'earliest': '1341'}, 'end': {'latest': '1410'}, 'profile': '1', 'determination': '2', 'estMinDate': 1341, 'estMaxDate': 1410.1231}",3. Very likely (66%-99%),,"Klein (1995), p. 15.",'XIV2',,,,,,[47483],"[https://opac.kbr.be/Library/search.aspx?SC=KBR_UNIFIED&QUERY=II+572&_lg=nl-BE#/Detail/(query:(Id:'position:%20SOLR/DEFA-000001_OFFSET_0',Index:1,NBResults:12,PageRange:3,SearchQuery:(CloudTerms:!(),FacetFilter:'%7B%22_842%22:%22Handschrift%22%7D',ForceSearch:!f,InitialSearch:!f,Page:0,PageRange:3,QueryGuid:'7bfad78b-dac0-4fcc-b54c-aaa2030115c6',QueryString:'IV%20636,4',ResultSize:50,ScenarioCode:KBR_UNIFIED,ScenarioDisplayMode:display-standard,SearchGridFieldsShownOnResultsDTO:!(),SearchLabel:'',SearchTerms:'IV%20636%204',SessionGuid:de9bb8e1-6e7b-459d-bea3-bc9c8c0edf59,SortField:!n,SortOrder:0,TemplateParams:(Scenario:'',Scope:Library,Size:!n,Source:'',Support:'',UseCompact:!f),UseSpellChecking:!n)))]",,Action required,,Check
48269,105,48268,[48270],,No,,,,,LC,,complete,,,Yes,,46312.0,,"[1311-01-01 00:00:00, 1335-12-31 00:00:00]","{'start': {'earliest': '1311'}, 'end': {'latest': '1335'}, 'profile': '1', 'determination': '2', 'estMinDate': 1311, 'estMaxDate': 1335.1231}",3. Very likely (66%-99%),,"Klein (1995), p. 14.",'c.1320-1325',,,,,,[47483],[https://www.kb.nl/ontdekken-bewonderen/topstukken/lancelotcompilatie],,Action required,,Check
48273,105,48268,[48274],,No,,,,,H97,,fragmentary,,,No,,46305.0,,"[1316-01-01 00:00:00, 1360-12-31 00:00:00]","{'start': {'earliest': '1316'}, 'end': {'latest': '1360'}, 'profile': '1', 'determination': '2', 'estMinDate': 1316, 'estMaxDate': 1360.1231}",2. Probable (33%-66%),,"Klein (1995), p. 14.",'XIVb',,,,,,[47483],"[https://opac.kbr.be/Library/search.aspx?SC=KBR_UNIFIED&QUERY=II+572&_lg=nl-BE#/Detail/(query:(Id:'position:%20SOLR/DEFA-000001_OFFSET_0',Index:1,NBResults:1,PageRange:3,SearchQuery:(CloudTerms:!(),FacetFilter:'%7B%22_842%22:%22Handschrift%22%7D',ForceSearch:!f,InitialSearch:!f,Page:0,PageRange:3,QueryGuid:'2d277002-dc6f-4e17-a934-b0c18d6f9a0d',QueryString:'IV%20818',ResultSize:50,ScenarioCode:KBR_UNIFIED,ScenarioDisplayMode:display-standard,SearchGridFieldsShownOnResultsDTO:!(),SearchLabel:'',SearchTerms:'IV%20818',SessionGuid:'816c9f83-dd8e-4728-a982-4451febaca8d',SortField:!n,SortOrder:0,TemplateParams:(Scenario:'',Scope:Library,Size:!n,Source:'',Support:'',UseCompact:!f),UseSpellChecking:!n)))]",,Action required,,Check
48279,105,48277,[48280],,No,,,,,H103,,fragmentary,,,No,,46305.0,,"[1366-01-01 00:00:00, 1410-12-31 00:00:00]","{'start': {'earliest': '1366'}, 'end': {'latest': '1410'}, 'profile': '1', 'determination': '2', 'estMinDate': 1366, 'estMaxDate': 1410.1231}",3. Very likely (66%-99%),,"Klein (1988), p. 16.",'XIVd',,,,,,[47483],[https://www.handschriftencensus.de/19710],,Action required,,Check
48284,105,48282,[48285],,No,,,,,Germ. fol. 922,,defective,,,No,,48048.0,,"[1403-01-01 00:00:00, 1425-12-31 00:00:00]","{'start': {'earliest': '1403'}, 'end': {'latest': '1425'}, 'profile': '1', 'determination': '2', 'estMinDate': 1403, 'estMaxDate': 1425.1231}",3. Very likely (66%-99%),,"Klein (1995), p. 16.",'c.1412-1415',,,,,,[47483],[https://www.handschriftencensus.de/4269],,Action required,,Check
48290,105,48288,[48291],,No,,,,,H104,,fragmentary,,,No,,,,"[1316-01-01 00:00:00, 1360-12-31 00:00:00]","{'start': {'earliest': '1316'}, 'end': {'latest': '1360'}, 'profile': '2', 'determination': '2', 'estMinDate': 1316, 'estMaxDate': 1360.1231}",2. Probable (33%-66%),,"Klein (1995), p. 15.",'< 1350',,,,,,[47483],[https://www.handschriftencensus.de/21475],,Action required,,Check
48294,105,48293,[48295],,No,,,,,LC,,complete,,,No,,46312.0,,"[1311-01-01 00:00:00, 1335-12-31 00:00:00]","{'start': {'earliest': '1311'}, 'end': {'latest': '1335'}, 'profile': '1', 'determination': '2', 'estMinDate': 1311, 'estMaxDate': 1335.1231}",3. Very likely (66%-99%),,"Klein (1995), p. 14.",'c.1320-1325',,,,,,[47483],[https://www.kb.nl/ontdekken-bewonderen/topstukken/lancelotcompilatie],,Action required,,Check
48298,105,48296,[48299],,No,,,,,IV 927,,complete,,,No,,47503.0,,"[1461-01-01 00:00:00, 1490-12-31 00:00:00]","{'start': {'earliest': '1461'}, 'end': {'latest': '1490'}, 'profile': '1', 'determination': '2', 'estMinDate': 1461, 'estMaxDate': 1490.1231}",3. Very likely (66%-99%),,"Klein (1995), p. 16.",'c.1470-1480',,,,,,[47483],"[https://opac.kbr.be/Library/search.aspx?SC=KBR_UNIFIED&QUERY=II+572&_lg=nl-BE#/Detail/(query:(Id:'position:%20SOLR/DEFA-000001_OFFSET_0',Index:1,NBResults:1,PageRange:3,SearchQuery:(CloudTerms:!(),FacetFilter:'%7B%22_842%22:%22Handschrift%22%7D',ForceSearch:!f,InitialSearch:!f,Page:0,PageRange:3,QueryGuid:a3c1378b-7dfb-459a-9124-e62802b433d2,QueryString:'IV%20927',ResultSize:50,ScenarioCode:KBR_UNIFIED,ScenarioDisplayMode:display-standard,SearchGridFieldsShownOnResultsDTO:!(),SearchLabel:'',SearchTerms:'IV%20927',SessionGuid:'3420866a-0fd3-4b74-9785-49d7c4eedb68',SortField:!n,SortOrder:0,TemplateParams:(Scenario:'',Scope:Library,Size:!n,Source:'',Support:'',UseCompact:!f),UseSpellChecking:!n)),sst:2)]",,Action required,,Check (find pagerange)
48300,105,48296,[48301],,No,,,,,15.589-623,,complete,,,No,,46312.0,,"[1391-01-01 00:00:00, 1420-12-31 00:00:00]","{'start': {'earliest': '1391'}, 'end': {'latest': '1420'}, 'profile': '1', 'determination': '2', 'estMinDate': 1391, 'estMaxDate': 1420.1231}",3. Very likely (66%-99%),,"Klein (1995), p. 16.",'c.1399-1410',,,,,,[47483],[https://www.handschriftencensus.de/6926],,Action required,,Check
48303,105,48302,[48304],,No,,,,,LC,,complete,,,Yes,,46312.0,,"[1311-01-01 00:00:00, 1335-12-31 00:00:00]","{'start': {'earliest': '1311'}, 'end': {'latest': '1335'}, 'profile': '1', 'determination': '2', 'estMinDate': 1311, 'estMaxDate': 1335.1231}",3. Very likely (66%-99%),,"Klein (1995), p. 14.",'c. 1320-1325',,,,,,[47483],[https://www.kb.nl/ontdekken-bewonderen/topstukken/lancelotcompilatie],,Action required,,Check
48306,105,48302,[48307],,No,,,,,H122,,fragmentary,,,No,,46305.0,,"[1341-01-01 00:00:00, 1385-12-31 00:00:00]","{'start': {'earliest': '1341'}, 'end': {'latest': '1385'}, 'profile': '1', 'determination': '2', 'estMinDate': 1341, 'estMaxDate': 1385.1231}",2. Probable (33%-66%),,"Klein (1995), p. 16.",'XIVc',,,,,,[47483],,,Action required,,url
48312,105,48302,"[48313, 48315]",,No,,,,,H123,,fragmentary,,,No,,46305.0,,"[1266-01-01 00:00:00, 1310-12-31 00:00:00]","{'start': {'earliest': '1266'}, 'end': {'latest': '1310'}, 'profile': '1', 'determination': '2', 'estMinDate': 1266, 'estMaxDate': 1310.1231}",2. Probable (33%-66%),,"Klein (1995), p. 13.",'XIIId',,,,,,[47483],[https://www.handschriftencensus.de/13177],,Action required,,Check
48318,105,48316,[48319],,No,,,,,H124,,fragmentary,,,No,,47240.0,,"[1191-01-01 00:00:00, 1250-12-31 00:00:00]","{'start': {'earliest': '1191'}, 'end': {'latest': '1250'}, 'profile': '1', 'determination': '2', 'estMinDate': 1191, 'estMaxDate': 1250.1231}",3. Very likely (66%-99%),,"Klein (1995), p. 13.",'XIII1',,,,,,[47483],,,Action required,,Check
48324,105,48321,[48325],,No,,,,,H125,,fragmentary,,,No,,46305.0,,"[1366-01-01 00:00:00, 1410-12-31 00:00:00]","{'start': {'earliest': '1366'}, 'end': {'latest': '1410'}, 'profile': '1', 'determination': '2', 'estMinDate': 1366, 'estMaxDate': 1410.1231}",2. Probable (33%-66%),,"Klein (1995), p. 16.",'XIVd',,,,,,[47483],[https://lib.ugent.be/nl/catalog/rug01:000990093?i=4&q=1646&type=manuscript],,Action required,,Opmerking kopiist ergens kwijt?
48329,105,48327,[48330],,No,,,,,H126,,fragmentary,,,No,,47357.0,,"[1316-01-01 00:00:00, 1385-12-31 00:00:00]","{'start': {'earliest': '1316'}, 'end': {'latest': '1385'}, 'profile': '1', 'determination': '2', 'estMinDate': 1316, 'estMaxDate': 1385.1231}",3. Very likely (66%-99%),,"Klein (1995), p. 15.",'XIVm',,,,,,[47483],,,Action required,,Check
48334,105,48332,[48335],,Yes,,,,,H127,,fragmentary,,,No,,,,"[1341-01-01 00:00:00, 1410-12-31 00:00:00]","{'start': {'earliest': '1341'}, 'end': {'latest': '1410'}, 'profile': '1', 'determination': '2', 'estMinDate': 1341, 'estMaxDate': 1410.1231}",2. Probable (33%-66%),,"Klein (1995), p. 16.",'XIV2',,,,,,[47483],,,Action required,,Check
48339,105,48337,[48340],,No,,,,,H128,,fragmentary,,,No,,,,"[1291-01-01 00:00:00, 1310-12-31 00:00:00]","{'start': {'earliest': '1291'}, 'end': {'latest': '1310'}, 'profile': '1', 'determination': '2', 'estMinDate': 1291, 'estMaxDate': 1310.1231}",2. Probable (33%-66%),,"Klein (1995), p. 14.",'c.1300',,,,,,[47483],,,Action required,,Check
48344,105,48342,[48345],,No,,,,,H129,,fragmentary,,,No,,47357.0,,"[1341-01-01 00:00:00, 1385-12-31 00:00:00]","{'start': {'earliest': '1341'}, 'end': {'latest': '1385'}, 'profile': '3', 'determination': '2', 'estMinDate': 1341, 'estMaxDate': 1385.1231}",2. Probable (33%-66%),,"Klein (1995), p. 16.",'≥ 1350',,,,,,[47483],,,Action required,,Check
48350,105,48347,[48351],,No,,,,,H130,,fragmentary,,,No,,46305.0,,"[1341-01-01 00:00:00, 1385-12-31 00:00:00]","{'start': {'earliest': '1341'}, 'end': {'latest': '1385'}, 'profile': '3', 'determination': '2', 'estMinDate': 1341, 'estMaxDate': 1385.1231}",2. Probable (33%-66%),,"Klein (1995), p. 16.",'≥ 1350',,,,,,[47483],,,Action required,,Check
48356,105,48353,[48357],,No,,,,,H131,,fragmentary,,,No,,46312.0,,"[1316-01-01 00:00:00, 1385-12-31 00:00:00]","{'start': {'earliest': '1316'}, 'end': {'latest': '1385'}, 'profile': '1', 'determination': '2', 'estMinDate': 1316, 'estMaxDate': 1385.1231}",3. Very likely (66%-99%),,"Klein (1995), p. 15.",'XIVm',,,,,,[47483],[https://digitalcollections.universiteitleiden.nl/view/item/1679726?solr_nav%5Bid%5D=c91c94bac377d3550987&solr_nav%5Bpage%5D=0&solr_nav%5Boffset%5D=0#page/1/mode/1up],,Action required,,Check
48361,105,48359,[48362],,No,,,,,H142,,fragmentary,,,No,,,,"[1101-01-01 00:00:00, 1500-12-31 00:00:00]","{'start': {'earliest': '1101'}, 'end': {'latest': '1500'}, 'profile': '1', 'determination': '2', 'estMinDate': 1101, 'estMaxDate': 1500.1231}",,,,,,,,,,[47485],,,Action required,,Add info article
48367,105,48364,"[48368, 48370]",,No,,,,,H143,,fragmentary,,,No,,46312.0,,"[1316-01-01 00:00:00, 1360-12-31 00:00:00]","{'start': {'earliest': '1316'}, 'end': {'latest': '1360'}, 'profile': '3', 'determination': '2', 'estMinDate': 1316, 'estMaxDate': 1360.1231}",2. Probable (33%-66%),,"Klein (1995), p. 14.",'≥ 1325',,,,,,[47483],,,Action required,,Check
48373,105,46323,[48374],,No,,,,,H134,,fragmentary,,,No,,,,"[1316-01-01 00:00:00, 1385-12-31 00:00:00]","{'start': {'earliest': '1316'}, 'end': {'latest': '1385'}, 'profile': '1', 'determination': '2', 'estMinDate': 1316, 'estMaxDate': 1385.1231}",2. Probable (33%-66%),,"Bertagnolli (2019), p. 269.",'Het perkament wordt op paleografische gronden in het midden van de veertiende eeuw gedateerd.',,,,,,[47485],,,Action required,,Add source Bertagnolli/Langeslag
48377,105,47369,[48378],,No,,,,,H135,,fragmentary,,,No,,46312.0,,"[1316-01-01 00:00:00, 1385-12-31 00:00:00]","{'start': {'earliest': '1316'}, 'end': {'latest': '1385'}, 'profile': '1', 'determination': '2', 'estMinDate': 1316, 'estMaxDate': 1385.1231}",2. Probable (33%-66%),,https://www.handschriftencensus.de/20069,'Mitte 14. Jh.',,,,,,[47485],[https://www.handschriftencensus.de/20069],,Action required,,Check
